size\n_max	0	1	2	3	4	5	6	7	8	9	10	11	12	13	14	15	16	17	18	19	20	21	22	23	24	25	26	27	28	29	30	31	32	33	34	35	36	37	38	39	40	41	42	43	44	45	46	47	48	49	50	51	52	53	54	55	56	57	58	59	60	61	62	63	64	65	66	67	68	69	70	71	72	73	74	75	76	77	78	79	80	81	82	83	84	85	86	87	88	89	90	91	92	93	94	95	96	97	98	99	100	101	102	103	104	105	106	107	108	109	110	111	112	113	114	115	116	117	118	119	120	121	122	123	124	125	126	127	128	129	130	131	132	133	134	135	136	137	138	139	140	141	142	143	144	145	146	147	148	149	150	151	152	153	154	155	156	157	158	159	160	161	162	163	164	165	166	167	168	169	170	171	172	173	174	175	176	177	178	179	180	181	182	183	184	185	186	187	188	189	190	191	192	193	194	195	196	197	198	199	200	201	202	203	204	205	206	207	208	209	210	211	212	213	214	215	216	217	218	219	220	221	222	223	224	225	226	227	228	229	230	231	232	233	234	235	236	237	238	239	240	241	242	243	244	245	246	247	248	249	250	251	252	253	254	255	256	257	258	259	260	261	262	263	264	265	266	267	268	269	270	271	272	273	274	275	276	277	278	279	280	281	282	283	284	285	286	287	288	289	290	291	292	293	294	295	296	297	298	299	300	301	302	303	304	305	306	307	308	309	310	311	312	313	314	315	316	317	318	319	320	321	322	323	324	325	326	327	328	329	330	331	332	333	334	335	336	337	338	339	340	341	342	343	344	345	346	347	348	349	350	351	352	353	354	355	356	357	358	359	360	361	362	363	364	365	366	367	368	369	370	371	372	373	374	375	376	377	378	379	380	381	382	383	384	385	386	387	388	389	390	391	392	393	394	395	396	397	398	399	400	401	402	403	404	405	406	407	408	409	410	411	412	413	414	415	416	417	418	419	420	421	422	423	424	425	426	427	428	429	430	431	432	433	434	435	436	437	438	439	440	441	442	443	444	445	446	447	448	449	450	451	452	453	454	455	456	457	458	459	460	461	462	463	464	465	466	467	468	469	470	471	472	473	474	475	476	477	478	479	480	481	482	483	484	485	486	487	488	489	490	491	492	493	494	495	496	497	498	499	500	501	502	503	504	505	506	507	508	509	510	511	512	513	514	515	516	517	518	519	520	521	522	523	524	525	526	527	528	529	530	531	532	533	534	535	536	537	538	539	540	541	542	543	544	545	546	547	548	549	550	551	552	553	554	555	556	557	558	559	560	561	562	563	564	565	566	567	568	569	570	571	572	573	574	575	576	577	578	579	580	581	582	583	584	585	586	587	588	589	590	591	592	593	594	595	596	597	598	599	600	601	602	603	604	605	606	607	608	609	610	611	612	613	614	615	616	617	618	619	620	621	622	623	624	625	626	627	628	629	630	631	632	633	634	635	636	637	638	639	640	641	642	643	644	645	646	647	648	649	650	651	652	653	654	655	656	657	658	659	660	661	662	663	664	665	666	667	668	669	670	671	672	673	674	675	676	677	678	679	680	681	682	683	684	685	686	687	688	689	690	691	692	693	694	695	696	697	698	699	700	701	702	703	704	705	706	707	708	709	710	711	712	713	714	715	716	717	718	719	720	721	722	723	724	725	726	727	728	729	730	731	732	733	734	735	736	737	738	739	740	741	742	743	744	745	746	747	748	749	750	751	752	753	754	755	756	757	758	759	760	761	762	763	764	765	766	767	768	769	770	771	772	773	774	775	776	777	778	779	780	781	782	783	784	785	786	787	788	789	790	791	792	793	794	795	796	797	798	799	800	801	802	803	804	805	806	807	808	809	810	811	812	813	814	815	816	817	818	819	820	821	822	823	824	825	826	827	828	829	830	831	832	833	834	835	836	837	838	839	840	841	842	843	844	845	846	847	848	849	850	851	852	853	854	855	856	857	858	859	860	861	862	863	864	865	866	867	868	869	870	871	872	873	874	875	876	877	878	879	880	881	882	883	884	885	886	887	888	889	890	891	892	893	894	895	896	897	898	899	900	901	902	903	904	905	906	907	908	909	910	911	912	913	914	915	916	917	918	919	920	921	922	923	924	925	926	927	928	929	930	931	932	933	934	935	936	937	938	939	940	941	942	943	944	945	946	947	948	949	950	951	952	953	954	955	956	957	958	959	960	961	962	963	964	965	966	967	968	969	970	971	972	973	974	975	976	977	978	979	980	981	982	983	984	985	986	987	988	989	990	991	992	993	994	995	996	997	998	999	1000
1	.	1.
2	.	1.2.	1,2.
3	.	1.2.3.	1,2.1,3.2,3.
4	.	1.2.3.4.	1,2.1,3.1,4.2,3.2,4.3,4.	1,2,4.
5	.	1.2.3.4.5.	1,2.1,3.1,4.1,5.2,3.2,4.2,5.3,4.3,5.4,5.	1,2,4.1,2,5.2,3,5.
6	.	1.2.3.4.5.6.	1,2.1,3.1,4.1,5.1,6.2,3.2,4.2,5.2,6.3,4.3,5.3,6.4,5.4,6.5,6.	1,2,4.1,2,5.1,2,6.1,3,6.2,3,5.2,3,6.3,4,6.
7	.	1.2.3.4.5.6.7.	1,2.1,3.1,4.1,5.1,6.1,7.2,3.2,4.2,5.2,6.2,7.3,4.3,5.3,6.3,7.4,5.4,6.4,7.5,6.5,7.6,7.	1,2,4.1,2,5.1,2,6.1,2,7.1,3,6.1,3,7.2,3,5.2,3,6.2,3,7.2,4,7.3,4,6.3,4,7.4,5,7.	1,2,4,7.
8	.	1.2.3.4.5.6.7.8.	1,2.1,3.1,4.1,5.1,6.1,7.1,8.2,3.2,4.2,5.2,6.2,7.2,8.3,4.3,5.3,6.3,7.3,8.4,5.4,6.4,7.4,8.5,6.5,7.5,8.6,7.6,8.7,8.	1,2,4.1,2,5.1,2,6.1,2,7.1,2,8.1,3,6.1,3,7.1,3,8.1,4,8.2,3,5.2,3,6.2,3,7.2,3,8.2,4,7.2,4,8.3,4,6.3,4,7.3,4,8.3,5,8.4,5,7.4,5,8.5,6,8.	1,2,4,7.1,2,4,8.2,3,5,8.
9	.	1.2.3.4.5.6.7.8.9.	1,2.1,3.1,4.1,5.1,6.1,7.1,8.1,9.2,3.2,4.2,5.2,6.2,7.2,8.2,9.3,4.3,5.3,6.3,7.3,8.3,9.4,5.4,6.4,7.4,8.4,9.5,6.5,7.5,8.5,9.6,7.6,8.6,9.7,8.7,9.8,9.	1,2,4.1,2,5.1,2,6.1,2,7.1,2,8.1,2,9.1,3,6.1,3,7.1,3,8.1,3,9.1,4,8.1,4,9.2,3,5.2,3,6.2,3,7.2,3,8.2,3,9.2,4,7.2,4,8.2,4,9.2,5,9.3,4,6.3,4,7.3,4,8.3,4,9.3,5,8.3,5,9.4,5,7.4,5,8.4,5,9.4,6,9.5,6,8.5,6,9.6,7,9.	1,2,4,7.1,2,4,8.1,2,4,9.1,2,5,9.2,3,5,8.2,3,5,9.3,4,6,9.
10	.	1.2.3.4.5.6.7.8.9.10.	1,2.1,3.1,4.1,5.1,6.1,7.1,8.1,9.1,10.2,3.2,4.2,5.2,6.2,7.2,8.2,9.2,10.3,4.3,5.3,6.3,7.3,8.3,9.3,10.4,5.4,6.4,7.4,8.4,9.4,10.5,6.5,7.5,8.5,9.5,10.6,7.6,8.6,9.6,10.7,8.7,9.7,10.8,9.8,10.9,10.	1,2,4.1,2,5.1,2,6.1,2,7.1,2,8.1,2,9.1,2,10.1,3,6.1,3,7.1,3,8.1,3,9.1,3,10.1,4,8.1,4,9.1,4,10.1,5,10.2,3,5.2,3,6.2,3,7.2,3,8.2,3,9.2,3,10.2,4,7.2,4,8.2,4,9.2,4,10.2,5,9.2,5,10.3,4,6.3,4,7.3,4,8.3,4,9.3,4,10.3,5,8.3,5,9.3,5,10.3,6,10.4,5,7.4,5,8.4,5,9.4,5,10.4,6,9.4,6,10.5,6,8.5,6,9.5,6,10.5,7,10.6,7,9.6,7,10.7,8,10.	1,2,4,7.1,2,4,8.1,2,4,9.1,2,4,10.1,2,5,9.1,2,5,10.1,3,6,10.2,3,5,8.2,3,5,9.2,3,5,10.2,3,6,10.3,4,6,9.3,4,6,10.4,5,7,10.
11	.	1.2.3.4.5.6.7.8.9.10.11.	1,2.1,3.1,4.1,5.1,6.1,7.1,8.1,9.1,10.1,11.2,3.2,4.2,5.2,6.2,7.2,8.2,9.2,10.2,11.3,4.3,5.3,6.3,7.3,8.3,9.3,10.3,11.4,5.4,6.4,7.4,8.4,9.4,10.4,11.5,6.5,7.5,8.5,9.5,10.5,11.6,7.6,8.6,9.6,10.6,11.7,8.7,9.7,10.7,11.8,9.8,10.8,11.9,10.9,11.10,11.	1,2,4.1,2,5.1,2,6.1,2,7.1,2,8.1,2,9.1,2,10.1,2,11.1,3,6.1,3,7.1,3,8.1,3,9.1,3,10.1,3,11.1,4,8.1,4,9.1,4,10.1,4,11.1,5,10.1,5,11.2,3,5.2,3,6.2,3,7.2,3,8.2,3,9.2,3,10.2,3,11.2,4,7.2,4,8.2,4,9.2,4,10.2,4,11.2,5,9.2,5,10.2,5,11.2,6,11.3,4,6.3,4,7.3,4,8.3,4,9.3,4,10.3,4,11.3,5,8.3,5,9.3,5,10.3,5,11.3,6,10.3,6,11.4,5,7.4,5,8.4,5,9.4,5,10.4,5,11.4,6,9.4,6,10.4,6,11.4,7,11.5,6,8.5,6,9.5,6,10.5,6,11.5,7,10.5,7,11.6,7,9.6,7,10.6,7,11.6,8,11.7,8,10.7,8,11.8,9,11.	1,2,4,7.1,2,4,8.1,2,4,9.1,2,4,10.1,2,4,11.1,2,5,9.1,2,5,10.1,2,5,11.1,2,6,11.1,3,6,10.1,3,6,11.2,3,5,8.2,3,5,9.2,3,5,10.2,3,5,11.2,3,6,10.2,3,6,11.2,4,7,11.3,4,6,9.3,4,6,10.3,4,6,11.3,4,7,11.4,5,7,10.4,5,7,11.5,6,8,11.	Ðüen:V1,2,4,7,11.
12	.	1.2.3.4.5.6.7.8.9.10.11.12.	1,2.1,3.1,4.1,5.1,6.1,7.1,8.1,9.1,10.1,11.1,12.2,3.2,4.2,5.2,6.2,7.2,8.2,9.2,10.2,11.2,12.3,4.3,5.3,6.3,7.3,8.3,9.3,10.3,11.3,12.4,5.4,6.4,7.4,8.4,9.4,10.4,11.4,12.5,6.5,7.5,8.5,9.5,10.5,11.5,12.6,7.6,8.6,9.6,10.6,11.6,12.7,8.7,9.7,10.7,11.7,12.8,9.8,10.8,11.8,12.9,10.9,11.9,12.10,11.10,12.11,12.	1,2,4.1,2,5.1,2,6.1,2,7.1,2,8.1,2,9.1,2,10.1,2,11.1,2,12.1,3,6.1,3,7.1,3,8.1,3,9.1,3,10.1,3,11.1,3,12.1,4,8.1,4,9.1,4,10.1,4,11.1,4,12.1,5,10.1,5,11.1,5,12.1,6,12.2,3,5.2,3,6.2,3,7.2,3,8.2,3,9.2,3,10.2,3,11.2,3,12.2,4,7.2,4,8.2,4,9.2,4,10.2,4,11.2,4,12.2,5,9.2,5,10.2,5,11.2,5,12.2,6,11.2,6,12.3,4,6.3,4,7.3,4,8.3,4,9.3,4,10.3,4,11.3,4,12.3,5,8.3,5,9.3,5,10.3,5,11.3,5,12.3,6,10.3,6,11.3,6,12.3,7,12.4,5,7.4,5,8.4,5,9.4,5,10.4,5,11.4,5,12.4,6,9.4,6,10.4,6,11.4,6,12.4,7,11.4,7,12.5,6,8.5,6,9.5,6,10.5,6,11.5,6,12.5,7,10.5,7,11.5,7,12.5,8,12.6,7,9.6,7,10.6,7,11.6,7,12.6,8,11.6,8,12.7,8,10.7,8,11.7,8,12.7,9,12.8,9,11.8,9,12.9,10,12.	1,2,4,7.1,2,4,8.1,2,4,9.1,2,4,10.1,2,4,11.1,2,4,12.1,2,5,9.1,2,5,10.1,2,5,11.1,2,5,12.1,2,6,11.1,2,6,12.1,3,6,10.1,3,6,11.1,3,6,12.1,3,7,12.2,3,5,8.2,3,5,9.2,3,5,10.2,3,5,11.2,3,5,12.2,3,6,10.2,3,6,11.2,3,6,12.2,3,7,12.2,4,7,11.2,4,7,12.3,4,6,9.3,4,6,10.3,4,6,11.3,4,6,12.3,4,7,11.3,4,7,12.3,5,8,12.4,5,7,10.4,5,7,11.4,5,7,12.4,5,8,12.5,6,8,11.5,6,8,12.6,7,9,12.	Ðüen:V1,2,4,7,11.ÀÑen:V1,2,4,7,12.P³en:V2,3,5,8,12.
13	p.	àûNÊ1.àûNÊ2.àûNÊ3.àûNÊ4.àûNÊ5.àûNÊ6.àûNÊ7.àûNÊ8.àûNÊ9.àûNÊ10.àûNÊ11.àûNÊ12.àûNÊ13.	àûNÊ1,2.àûNÊ1,3.àûNÊ1,4.àûNÊ1,5.àûNÊ1,6.àûNÊ1,7.àûNÊ1,8.üNÊ1,9.1,10.1,11.1,12.1,13.2,3.2,4.2,5.2,6.2,7.2,8.2,9.2,10.2,11.2,12.2,13.3,4.3,5.3,6.3,7.3,8.3,9.3,10.3,11.3,12.3,13.4,5.4,6.4,7.4,8.4,9.4,10.4,11.4,12.4,13.5,6.5,7.5,8.5,9.5,10.5,11.5,12.5,13.6,7.6,8.6,9.6,10.6,11.6,12.6,13.7,8.7,9.7,10.7,11.7,12.7,13.8,9.8,10.8,11.8,12.8,13.9,10.9,11.9,12.9,13.10,11.10,12.10,13.11,12.11,13.12,13.	1,2,4.1,2,5.1,2,6.1,2,7.1,2,8.1,2,9.1,2,10.1,2,11.1,2,12.1,2,13.1,3,6.1,3,7.1,3,8.1,3,9.1,3,10.1,3,11.1,3,12.1,3,13.1,4,8.1,4,9.1,4,10.1,4,11.1,4,12.1,4,13.1,5,10.1,5,11.1,5,12.1,5,13.1,6,12.1,6,13.2,3,5.2,3,6.2,3,7.2,3,8.2,3,9.2,3,10.2,3,11.2,3,12.2,3,13.2,4,7.2,4,8.2,4,9.2,4,10.2,4,11.2,4,12.2,4,13.2,5,9.2,5,10.2,5,11.2,5,12.2,5,13.2,6,11.2,6,12.2,6,13.2,7,13.3,4,6.3,4,7.3,4,8.3,4,9.3,4,10.3,4,11.3,4,12.3,4,13.3,5,8.3,5,9.3,5,10.3,5,11.3,5,12.3,5,13.3,6,10.3,6,11.3,6,12.3,6,13.3,7,12.3,7,13.4,5,7.4,5,8.4,5,9.4,5,10.4,5,11.4,5,12.4,5,13.4,6,9.4,6,10.4,6,11.4,6,12.4,6,13.4,7,11.4,7,12.4,7,13.4,8,13.5,6,8.5,6,9.5,6,10.5,6,11.5,6,12.5,6,13.5,7,10.5,7,11.5,7,12.5,7,13.5,8,12.5,8,13.6,7,9.6,7,10.6,7,11.6,7,12.6,7,13.6,8,11.6,8,12.6,8,13.6,9,13.7,8,10.7,8,11.7,8,12.7,8,13.7,9,12.7,9,13.8,9,11.8,9,12.8,9,13.8,10,13.9,10,12.9,10,13.10,11,13.	1,2,4,7.1,2,4,8.1,2,4,9.1,2,4,10.1,2,4,11.1,2,4,12.1,2,4,13.1,2,5,9.1,2,5,10.1,2,5,11.1,2,5,12.1,2,5,13.1,2,6,11.1,2,6,12.1,2,6,13.1,2,7,13.1,3,6,10.1,3,6,11.1,3,6,12.1,3,6,13.1,3,7,12.1,3,7,13.1,4,8,13.2,3,5,8.2,3,5,9.2,3,5,10.2,3,5,11.2,3,5,12.2,3,5,13.2,3,6,10.2,3,6,11.2,3,6,12.2,3,6,13.2,3,7,12.2,3,7,13.2,4,7,11.2,4,7,12.2,4,7,13.2,4,8,13.3,4,6,9.3,4,6,10.3,4,6,11.3,4,6,12.3,4,6,13.3,4,7,11.3,4,7,12.3,4,7,13.3,4,8,13.3,5,8,12.3,5,8,13.4,5,7,10.4,5,7,11.4,5,7,12.4,5,7,13.4,5,8,12.4,5,8,13.4,6,9,13.5,6,8,11.5,6,8,12.5,6,8,13.5,6,9,13.6,7,9,12.6,7,9,13.7,8,10,13.	P³en:V1,2,4,7,11.  en:V1,2,4,7,12.@“en:V1,2,4,7,13. ‹en:V1,2,4,8,13.2,3,5,8,12.2,3,5,8,13.3,4,6,9,13.
14	.	1.2.3.4.5.6.7.8.9.10.11.12.13.14.	1,2.1,3.1,4.1,5.1,6.1,7.1,8.1,9.1,10.1,11.1,12.1,13.1,14.2,3.2,4.2,5.2,6.2,7.2,8.2,9.2,10.2,11.2,12.2,13.2,14.3,4.3,5.3,6.3,7.3,8.3,9.3,10.3,11.3,12.3,13.3,14.4,5.4,6.4,7.4,8.4,9.4,10.4,11.4,12.4,13.4,14.5,6.5,7.5,8.5,9.5,10.5,11.5,12.5,13.5,14.6,7.6,8.6,9.6,10.6,11.6,12.6,13.6,14.7,8.7,9.7,10.7,11.7,12.7,13.7,14.8,9.8,10.8,11.8,12.8,13.8,14.9,10.9,11.9,12.9,13.9,14.10,11.10,12.10,13.10,14.11,12.11,13.11,14.12,13.12,14.13,14.	1,2,4.1,2,5.1,2,6.1,2,7.1,2,8.1,2,9.1,2,10.1,2,11.1,2,12.1,2,13.1,2,14.1,3,6.1,3,7.1,3,8.1,3,9.1,3,10.1,3,11.1,3,12.1,3,13.1,3,14.1,4,8.1,4,9.1,4,10.1,4,11.1,4,12.1,4,13.1,4,14.1,5,10.1,5,11.1,5,12.1,5,13.1,5,14.1,6,12.1,6,13.1,6,14.1,7,14.2,3,5.2,3,6.2,3,7.2,3,8.2,3,9.2,3,10.2,3,11.2,3,12.2,3,13.2,3,14.2,4,7.2,4,8.2,4,9.2,4,10.2,4,11.2,4,12.2,4,13.2,4,14.2,5,9.2,5,10.2,5,11.2,5,12.2,5,13.2,5,14.2,6,11.2,6,12.2,6,13.2,6,14.2,7,13.2,7,14.3,4,6.3,4,7.3,4,8.3,4,9.3,4,10.3,4,11.3,4,12.3,4,13.3,4,14.3,5,8.3,5,9.3,5,10.3,5,11.3,5,12.3,5,13.3,5,14.3,6,10.3,6,11.3,6,12.3,6,13.3,6,14.3,7,12.3,7,13.3,7,14.3,8,14.4,5,7.4,5,8.4,5,9.4,5,10.4,5,11.4,5,12.4,5,13.4,5,14.4,6,9.4,6,10.4,6,11.4,6,12.4,6,13.4,6,14.4,7,11.4,7,12.4,7,13.4,7,14.4,8,13.4,8,14.5,6,8.5,6,9.5,6,10.5,6,11.5,6,12.5,6,13.5,6,14.5,7,10.5,7,11.5,7,12.5,7,13.5,7,14.5,8,12.5,8,13.5,8,14.5,9,14.6,7,9.6,7,10.6,7,11.6,7,12.6,7,13.6,7,14.6,8,11.6,8,12.6,8,13.6,8,14.6,9,13.6,9,14.7,8,10.7,8,11.7,8,12.7,8,13.7,8,14.7,9,12.7,9,13.7,9,14.7,10,14.8,9,11.8,9,12.8,9,13.8,9,14.8,10,13.8,10,14.9,10,12.9,10,13.9,10,14.9,11,14.10,11,13.10,11,14.11,12,14.	1,2,4,7.1,2,4,8.1,2,4,9.1,2,4,10.1,2,4,11.1,2,4,12.1,2,4,13.1,2,4,14.1,2,5,9.1,2,5,10.1,2,5,11.1,2,5,12.1,2,5,13.1,2,5,14.1,2,6,11.1,2,6,12.1,2,6,13.1,2,6,14.1,2,7,13.1,2,7,14.1,3,6,10.1,3,6,11.1,3,6,12.1,3,6,13.1,3,6,14.1,3,7,12.1,3,7,13.1,3,7,14.1,3,8,14.1,4,8,13.1,4,8,14.2,3,5,8.2,3,5,9.2,3,5,10.2,3,5,11.2,3,5,12.2,3,5,13.2,3,5,14.2,3,6,10.2,3,6,11.2,3,6,12.2,3,6,13.2,3,6,14.2,3,7,12.2,3,7,13.2,3,7,14.2,3,8,14.2,4,7,11.2,4,7,12.2,4,7,13.2,4,7,14.2,4,8,13.2,4,8,14.2,5,9,14.3,4,6,9.3,4,6,10.3,4,6,11.3,4,6,12.3,4,6,13.3,4,6,14.3,4,7,11.3,4,7,12.3,4,7,13.3,4,7,14.3,4,8,13.3,4,8,14.3,5,8,12.3,5,8,13.3,5,8,14.3,5,9,14.4,5,7,10.4,5,7,11.4,5,7,12.4,5,7,13.4,5,7,14.4,5,8,12.4,5,8,13.4,5,8,14.4,5,9,14.4,6,9,13.4,6,9,14.5,6,8,11.5,6,8,12.5,6,8,13.5,6,8,14.5,6,9,13.5,6,9,14.5,7,10,14.6,7,9,12.6,7,9,13.6,7,9,14.6,7,10,14.7,8,10,13.7,8,10,14.8,9,11,14.	1,2,4,7,11.1,2,4,7,12.1,2,4,7,13.1,2,4,7,14.1,2,4,8,13.1,2,4,8,14.1,2,5,9,14.2,3,5,8,12.2,3,5,8,13.2,3,5,8,14.2,3,5,9,14.3,4,6,9,13.3,4,6,9,14.4,5,7,10,14.
15	.	1.2.3.4.5.6.7.8.9.10.11.12.13.14.15.	1,2.1,3.1,4.1,5.1,6.1,7.1,8.1,9.1,10.1,11.1,12.1,13.1,14.1,15.2,3.2,4.2,5.2,6.2,7.2,8.2,9.2,10.2,11.2,12.2,13.2,14.2,15.3,4.3,5.3,6.3,7.3,8.3,9.3,10.3,11.3,12.3,13.3,14.3,15.4,5.4,6.4,7.4,8.4,9.4,10.4,11.4,12.4,13.4,14.4,15.5,6.5,7.5,8.5,9.5,10.5,11.5,12.5,13.5,14.5,15.6,7.6,8.6,9.6,10.6,11.6,12.6,13.6,14.6,15.7,8.7,9.7,10.7,11.7,12.7,13.7,14.7,15.8,9.8,10.8,11.8,12.8,13.8,14.8,15.9,10.9,11.9,12.9,13.9,14.9,15.10,11.10,12.10,13.10,14.10,15.11,12.11,13.11,14.11,15.12,13.12,14.12,15.13,14.13,15.14,15.	1,2,4.1,2,5.1,2,6.1,2,7.1,2,8.1,2,9.1,2,10.1,2,11.1,2,12.1,2,13.1,2,14.1,2,15.1,3,6.1,3,7.1,3,8.1,3,9.1,3,10.1,3,11.1,3,12.1,3,13.1,3,14.1,3,15.1,4,8.1,4,9.1,4,10.1,4,11.1,4,12.1,4,13.1,4,14.1,4,15.1,5,10.1,5,11.1,5,12.1,5,13.1,5,14.1,5,15.1,6,12.1,6,13.1,6,14.1,6,15.1,7,14.1,7,15.2,3,5.2,3,6.2,3,7.2,3,8.2,3,9.2,3,10.2,3,11.2,3,12.2,3,13.2,3,14.2,3,15.2,4,7.2,4,8.2,4,9.2,4,10.2,4,11.2,4,12.2,4,13.2,4,14.2,4,15.2,5,9.2,5,10.2,5,11.2,5,12.2,5,13.2,5,14.2,5,15.2,6,11.2,6,12.2,6,13.2,6,14.2,6,15.2,7,13.2,7,14.2,7,15.2,8,15.3,4,6.3,4,7.3,4,8.3,4,9.3,4,10.3,4,11.3,4,12.3,4,13.3,4,14.3,4,15.3,5,8.3,5,9.3,5,10.3,5,11.3,5,12.3,5,13.3,5,14.3,5,15.3,6,10.3,6,11.3,6,12.3,6,13.3,6,14.3,6,15.3,7,12.3,7,13.3,7,14.3,7,15.3,8,14.3,8,15.4,5,7.4,5,8.4,5,9.4,5,10.4,5,11.4,5,12.4,5,13.4,5,14.4,5,15.4,6,9.4,6,10.4,6,11.4,6,12.4,6,13.4,6,14.4,6,15.4,7,11.4,7,12.4,7,13.4,7,14.4,7,15.4,8,13.4,8,14.4,8,15.4,9,15.5,6,8.5,6,9.5,6,10.5,6,11.5,6,12.5,6,13.5,6,14.5,6,15.5,7,10.5,7,11.5,7,12.5,7,13.5,7,14.5,7,15.5,8,12.5,8,13.5,8,14.5,8,15.5,9,14.5,9,15.6,7,9.6,7,10.6,7,11.6,7,12.6,7,13.6,7,14.6,7,15.6,8,11.6,8,12.6,8,13.6,8,14.6,8,15.6,9,13.6,9,14.6,9,15.6,10,15.7,8,10.7,8,11.7,8,12.7,8,13.7,8,14.7,8,15.7,9,12.7,9,13.7,9,14.7,9,15.7,10,14.7,10,15.8,9,11.8,9,12.8,9,13.8,9,14.8,9,15.8,10,13.8,10,14.8,10,15.8,11,15.9,10,12.9,10,13.9,10,14.9,10,15.9,11,14.9,11,15.10,11,13.10,11,14.10,11,15.10,12,15.11,12,14.11,12,15.12,13,15.	1,2,4,7.1,2,4,8.1,2,4,9.1,2,4,10.1,2,4,11.1,2,4,12.1,2,4,13.1,2,4,14.1,2,4,15.1,2,5,9.1,2,5,10.1,2,5,11.1,2,5,12.1,2,5,13.1,2,5,14.1,2,5,15.1,2,6,11.1,2,6,12.1,2,6,13.1,2,6,14.1,2,6,15.1,2,7,13.1,2,7,14.1,2,7,15.1,2,8,15.1,3,6,10.1,3,6,11.1,3,6,12.1,3,6,13.1,3,6,14.1,3,6,15.1,3,7,12.1,3,7,13.1,3,7,14.1,3,7,15.1,3,8,14.1,3,8,15.1,4,8,13.1,4,8,14.1,4,8,15.1,4,9,15.2,3,5,8.2,3,5,9.2,3,5,10.2,3,5,11.2,3,5,12.2,3,5,13.2,3,5,14.2,3,5,15.2,3,6,10.2,3,6,11.2,3,6,12.2,3,6,13.2,3,6,14.2,3,6,15.2,3,7,12.2,3,7,13.2,3,7,14.2,3,7,15.2,3,8,14.2,3,8,15.2,4,7,11.2,4,7,12.2,4,7,13.2,4,7,14.2,4,7,15.2,4,8,13.2,4,8,14.2,4,8,15.2,4,9,15.2,5,9,14.2,5,9,15.3,4,6,9.3,4,6,10.3,4,6,11.3,4,6,12.3,4,6,13.3,4,6,14.3,4,6,15.3,4,7,11.3,4,7,12.3,4,7,13.3,4,7,14.3,4,7,15.3,4,8,13.3,4,8,14.3,4,8,15.3,4,9,15.3,5,8,12.3,5,8,13.3,5,8,14.3,5,8,15.3,5,9,14.3,5,9,15.3,6,10,15.4,5,7,10.4,5,7,11.4,5,7,12.4,5,7,13.4,5,7,14.4,5,7,15.4,5,8,12.4,5,8,13.4,5,8,14.4,5,8,15.4,5,9,14.4,5,9,15.4,6,9,13.4,6,9,14.4,6,9,15.4,6,10,15.5,6,8,11.5,6,8,12.5,6,8,13.5,6,8,14.5,6,8,15.5,6,9,13.5,6,9,14.5,6,9,15.5,6,10,15.5,7,10,14.5,7,10,15.6,7,9,12.6,7,9,13.6,7,9,14.6,7,9,15.6,7,10,14.6,7,10,15.6,8,11,15.7,8,10,13.7,8,10,14.7,8,10,15.7,8,11,15.8,9,11,14.8,9,11,15.9,10,12,15.	1,2,4,7,11.1,2,4,7,12.1,2,4,7,13.1,2,4,7,14.1,2,4,7,15.1,2,4,8,13.1,2,4,8,14.1,2,4,8,15.1,2,4,9,15.1,2,5,9,14.1,2,5,9,15.1,3,6,10,15.2,3,5,8,12.2,3,5,8,13.2,3,5,8,14.2,3,5,8,15.2,3,5,9,14.2,3,5,9,15.2,3,6,10,15.3,4,6,9,13.3,4,6,9,14.3,4,6,9,15.3,4,6,10,15.4,5,7,10,14.4,5,7,10,15.5,6,8,11,15.
16	àûNÊ.	àûNÊ1.àûNÊ2.àûNÊ3.àûNÊ4.àûNÊ5.àûNÊ6.àûNÊ7.àûNÊ8.àûNÊ9.àûNÊ10.àûNÊ11.àûNÊ12.àûNÊ13.àûNÊ14.àûNÊ15.àûNÊ16.	àûNÊ1,2.àûNÊ1,3.àûNÊ1,4.àûNÊ1,5.àûNÊ1,6.àûNÊ1,7.àûNÊ1,8.àûNÊ1,9.àûNÊ1,10.àûNÊ1,11.àûNÊ1,12.àûNÊ1,13.àûNÊ1,14.àûNÊ1,15.1,16.2,3.2,4.2,5.2,6.2,7.2,8.2,9.2,10.2,11.2,12.2,13.2,14.2,15.2,16.3,4.3,5.3,6.3,7.3,8.3,9.3,10.3,11.3,12.3,13.3,14.3,15.3,16.4,5.4,6.4,7.4,8.4,9.4,10.4,11.4,12.4,13.4,14.4,15.4,16.5,6.5,7.5,8.5,9.5,10.5,11.5,12.5,13.5,14.5,15.5,16.6,7.6,8.6,9.6,10.6,11.6,12.6,13.6,14.6,15.6,16.7,8.7,9.7,10.7,11.7,12.7,13.7,14.7,15.7,16.8,9.8,10.8,11.8,12.8,13.8,14.8,15.8,16.9,10.9,11.9,12.9,13.9,14.9,15.9,16.10,11.10,12.10,13.10,14.10,15.10,16.11,12.11,13.11,14.11,15.11,16.12,13.12,14.12,15.12,16.13,14.13,15.13,16.14,15.14,16.15,16.	1,2,4.1,2,5.1,2,6.1,2,7.1,2,8.1,2,9.1,2,10.1,2,11.1,2,12.1,2,13.1,2,14.1,2,15.1,2,16.1,3,6.1,3,7.1,3,8.1,3,9.1,3,10.1,3,11.1,3,12.1,3,13.1,3,14.1,3,15.1,3,16.1,4,8.1,4,9.1,4,10.1,4,11.1,4,12.1,4,13.1,4,14.1,4,15.1,4,16.1,5,10.1,5,11.1,5,12.1,5,13.1,5,14.1,5,15.1,5,16.1,6,12.1,6,13.1,6,14.1,6,15.1,6,16.1,7,14.1,7,15.1,7,16.1,8,16.2,3,5.2,3,6.2,3,7.2,3,8.2,3,9.2,3,10.2,3,11.2,3,12.2,3,13.2,3,14.2,3,15.2,3,16.2,4,7.2,4,8.2,4,9.2,4,10.2,4,11.2,4,12.2,4,13.2,4,14.2,4,15.2,4,16.2,5,9.2,5,10.2,5,11.2,5,12.2,5,13.2,5,14.2,5,15.2,5,16.2,6,11.2,6,12.2,6,13.2,6,14.2,6,15.2,6,16.2,7,13.2,7,14.2,7,15.2,7,16.2,8,15.2,8,16.3,4,6.3,4,7.3,4,8.3,4,9.3,4,10.3,4,11.3,4,12.3,4,13.3,4,14.3,4,15.3,4,16.3,5,8.3,5,9.3,5,10.3,5,11.3,5,12.3,5,13.3,5,14.3,5,15.3,5,16.3,6,10.3,6,11.3,6,12.3,6,13.3,6,14.3,6,15.3,6,16.3,7,12.3,7,13.3,7,14.3,7,15.3,7,16.3,8,14.3,8,15.3,8,16.3,9,16.4,5,7.4,5,8.4,5,9.4,5,10.4,5,11.4,5,12.4,5,13.4,5,14.4,5,15.4,5,16.4,6,9.4,6,10.4,6,11.4,6,12.4,6,13.4,6,14.4,6,15.4,6,16.4,7,11.4,7,12.4,7,13.4,7,14.4,7,15.4,7,16.4,8,13.4,8,14.4,8,15.4,8,16.4,9,15.4,9,16.5,6,8.5,6,9.5,6,10.5,6,11.5,6,12.5,6,13.5,6,14.5,6,15.5,6,16.5,7,10.5,7,11.5,7,12.5,7,13.5,7,14.5,7,15.5,7,16.5,8,12.5,8,13.5,8,14.5,8,15.5,8,16.5,9,14.5,9,15.5,9,16.5,10,16.6,7,9.6,7,10.6,7,11.6,7,12.6,7,13.6,7,14.6,7,15.6,7,16.6,8,11.6,8,12.6,8,13.6,8,14.6,8,15.6,8,16.6,9,13.6,9,14.6,9,15.6,9,16.6,10,15.6,10,16.7,8,10.7,8,11.7,8,12.7,8,13.7,8,14.7,8,15.7,8,16.7,9,12.7,9,13.7,9,14.7,9,15.7,9,16.7,10,14.7,10,15.7,10,16.7,11,16.8,9,11.8,9,12.8,9,13.8,9,14.8,9,15.8,9,16.8,10,13.8,10,14.8,10,15.8,10,16.8,11,15.8,11,16.9,10,12.9,10,13.9,10,14.9,10,15.9,10,16.9,11,14.9,11,15.9,11,16.9,12,16.10,11,13.10,11,14.10,11,15.10,11,16.10,12,15.10,12,16.11,12,14.11,12,15.11,12,16.11,13,16.12,13,15.12,13,16.13,14,16.	1,2,4,7.1,2,4,8.1,2,4,9.1,2,4,10.1,2,4,11.1,2,4,12.1,2,4,13.1,2,4,14.1,2,4,15.1,2,4,16.1,2,5,9.1,2,5,10.1,2,5,11.1,2,5,12.1,2,5,13.1,2,5,14.1,2,5,15.1,2,5,16.1,2,6,11.1,2,6,12.1,2,6,13.1,2,6,14.1,2,6,15.1,2,6,16.1,2,7,13.1,2,7,14.1,2,7,15.1,2,7,16.1,2,8,15.1,2,8,16.1,3,6,10.1,3,6,11.1,3,6,12.1,3,6,13.1,3,6,14.1,3,6,15.1,3,6,16.1,3,7,12.1,3,7,13.1,3,7,14.1,3,7,15.1,3,7,16.1,3,8,14.1,3,8,15.1,3,8,16.1,3,9,16.1,4,8,13.1,4,8,14.1,4,8,15.1,4,8,16.1,4,9,15.1,4,9,16.1,5,10,16.2,3,5,8.2,3,5,9.2,3,5,10.2,3,5,11.2,3,5,12.2,3,5,13.2,3,5,14.2,3,5,15.2,3,5,16.2,3,6,10.2,3,6,11.2,3,6,12.2,3,6,13.2,3,6,14.2,3,6,15.2,3,6,16.2,3,7,12.2,3,7,13.2,3,7,14.2,3,7,15.2,3,7,16.2,3,8,14.2,3,8,15.2,3,8,16.2,3,9,16.2,4,7,11.2,4,7,12.2,4,7,13.2,4,7,14.2,4,7,15.2,4,7,16.2,4,8,13.2,4,8,14.2,4,8,15.2,4,8,16.2,4,9,15.2,4,9,16.2,5,9,14.2,5,9,15.2,5,9,16.2,5,10,16.3,4,6,9.3,4,6,10.3,4,6,11.3,4,6,12.3,4,6,13.3,4,6,14.3,4,6,15.3,4,6,16.3,4,7,11.3,4,7,12.3,4,7,13.3,4,7,14.3,4,7,15.3,4,7,16.3,4,8,13.3,4,8,14.3,4,8,15.3,4,8,16.3,4,9,15.3,4,9,16.3,5,8,12.3,5,8,13.3,5,8,14.3,5,8,15.3,5,8,16.3,5,9,14.3,5,9,15.3,5,9,16.3,5,10,16.3,6,10,15.3,6,10,16.4,5,7,10.4,5,7,11.4,5,7,12.4,5,7,13.4,5,7,14.4,5,7,15.4,5,7,16.4,5,8,12.4,5,8,13.4,5,8,14.4,5,8,15.4,5,8,16.4,5,9,14.4,5,9,15.4,5,9,16.4,5,10,16.4,6,9,13.4,6,9,14.4,6,9,15.4,6,9,16.4,6,10,15.4,6,10,16.4,7,11,16.5,6,8,11.5,6,8,12.5,6,8,13.5,6,8,14.5,6,8,15.5,6,8,16.5,6,9,13.5,6,9,14.5,6,9,15.5,6,9,16.5,6,10,15.5,6,10,16.5,7,10,14.5,7,10,15.5,7,10,16.5,7,11,16.6,7,9,12.6,7,9,13.6,7,9,14.6,7,9,15.6,7,9,16.6,7,10,14.6,7,10,15.6,7,10,16.6,7,11,16.6,8,11,15.6,8,11,16.7,8,10,13.7,8,10,14.7,8,10,15.7,8,10,16.7,8,11,15.7,8,11,16.7,9,12,16.8,9,11,14.8,9,11,15.8,9,11,16.8,9,12,16.9,10,12,15.9,10,12,16.10,11,13,16.	1,2,4,7,11.1,2,4,7,12.1,2,4,7,13.1,2,4,7,14.1,2,4,7,15.1,2,4,7,16.1,2,4,8,13.1,2,4,8,14.1,2,4,8,15.1,2,4,8,16.1,2,4,9,15.1,2,4,9,16.1,2,5,9,14.1,2,5,9,15.1,2,5,9,16.1,2,5,10,16.1,3,6,10,15.1,3,6,10,16.2,3,5,8,12.2,3,5,8,13.2,3,5,8,14.2,3,5,8,15.2,3,5,8,16.2,3,5,9,14.2,3,5,9,15.2,3,5,9,16.2,3,5,10,16.2,3,6,10,15.2,3,6,10,16.2,4,7,11,16.3,4,6,9,13.3,4,6,9,14.3,4,6,9,15.3,4,6,9,16.3,4,6,10,15.3,4,6,10,16.3,4,7,11,16.4,5,7,10,14.4,5,7,10,15.4,5,7,10,16.4,5,7,11,16.5,6,8,11,15.5,6,8,11,16.6,7,9,12,16.	1,2,4,7,11,16.
17	.	1.2.3.4.5.6.7.8.9.10.11.12.13.14.15.16.17.	1,2.1,3.1,4.1,5.1,6.1,7.1,8.1,9.1,10.1,11.1,12.1,13.1,14.1,15.1,16.1,17.2,3.2,4.2,5.2,6.2,7.2,8.2,9.2,10.2,11.2,12.2,13.2,14.2,15.2,16.2,17.3,4.3,5.3,6.3,7.3,8.3,9.3,10.3,11.3,12.3,13.3,14.3,15.3,16.3,17.4,5.4,6.4,7.4,8.4,9.4,10.4,11.4,12.4,13.4,14.4,15.4,16.4,17.5,6.5,7.5,8.5,9.5,10.5,11.5,12.5,13.5,14.5,15.5,16.5,17.6,7.6,8.6,9.6,10.6,11.6,12.6,13.6,14.6,15.6,16.6,17.7,8.7,9.7,10.7,11.7,12.7,13.7,14.7,15.7,16.7,17.8,9.8,10.8,11.8,12.8,13.8,14.8,15.8,16.8,17.9,10.9,11.9,12.9,13.9,14.9,15.9,16.9,17.10,11.10,12.10,13.10,14.10,15.10,16.10,17.11,12.11,13.11,14.11,15.11,16.11,17.12,13.12,14.12,15.12,16.12,17.13,14.13,15.13,16.13,17.14,15.14,16.14,17.15,16.15,17.16,17.	1,2,4.1,2,5.1,2,6.1,2,7.1,2,8.1,2,9.1,2,10.1,2,11.1,2,12.1,2,13.1,2,14.1,2,15.1,2,16.1,2,17.1,3,6.1,3,7.1,3,8.1,3,9.1,3,10.1,3,11.1,3,12.1,3,13.1,3,14.1,3,15.1,3,16.1,3,17.1,4,8.1,4,9.1,4,10.1,4,11.1,4,12.1,4,13.1,4,14.1,4,15.1,4,16.1,4,17.1,5,10.1,5,11.1,5,12.1,5,13.1,5,14.1,5,15.1,5,16.1,5,17.1,6,12.1,6,13.1,6,14.1,6,15.1,6,16.1,6,17.1,7,14.1,7,15.1,7,16.1,7,17.1,8,16.1,8,17.2,3,5.2,3,6.2,3,7.2,3,8.2,3,9.2,3,10.2,3,11.2,3,12.2,3,13.2,3,14.2,3,15.2,3,16.2,3,17.2,4,7.2,4,8.2,4,9.2,4,10.2,4,11.2,4,12.2,4,13.2,4,14.2,4,15.2,4,16.2,4,17.2,5,9.2,5,10.2,5,11.2,5,12.2,5,13.2,5,14.2,5,15.2,5,16.2,5,17.2,6,11.2,6,12.2,6,13.2,6,14.2,6,15.2,6,16.2,6,17.2,7,13.2,7,14.2,7,15.2,7,16.2,7,17.2,8,15.2,8,16.2,8,17.2,9,17.3,4,6.3,4,7.3,4,8.3,4,9.3,4,10.3,4,11.3,4,12.3,4,13.3,4,14.3,4,15.3,4,16.3,4,17.3,5,8.3,5,9.3,5,10.3,5,11.3,5,12.3,5,13.3,5,14.3,5,15.3,5,16.3,5,17.3,6,10.3,6,11.3,6,12.3,6,13.3,6,14.3,6,15.3,6,16.3,6,17.3,7,12.3,7,13.3,7,14.3,7,15.3,7,16.3,7,17.3,8,14.3,8,15.3,8,16.3,8,17.3,9,16.3,9,17.4,5,7.4,5,8.4,5,9.4,5,10.4,5,11.4,5,12.4,5,13.4,5,14.4,5,15.4,5,16.4,5,17.4,6,9.4,6,10.4,6,11.4,6,12.4,6,13.4,6,14.4,6,15.4,6,16.4,6,17.4,7,11.4,7,12.4,7,13.4,7,14.4,7,15.4,7,16.4,7,17.4,8,13.4,8,14.4,8,15.4,8,16.4,8,17.4,9,15.4,9,16.4,9,17.4,10,17.5,6,8.5,6,9.5,6,10.5,6,11.5,6,12.5,6,13.5,6,14.5,6,15.5,6,16.5,6,17.5,7,10.5,7,11.5,7,12.5,7,13.5,7,14.5,7,15.5,7,16.5,7,17.5,8,12.5,8,13.5,8,14.5,8,15.5,8,16.5,8,17.5,9,14.5,9,15.5,9,16.5,9,17.5,10,16.5,10,17.6,7,9.6,7,10.6,7,11.6,7,12.6,7,13.6,7,14.6,7,15.6,7,16.6,7,17.6,8,11.6,8,12.6,8,13.6,8,14.6,8,15.6,8,16.6,8,17.6,9,13.6,9,14.6,9,15.6,9,16.6,9,17.6,10,15.6,10,16.6,10,17.6,11,17.7,8,10.7,8,11.7,8,12.7,8,13.7,8,14.7,8,15.7,8,16.7,8,17.7,9,12.7,9,13.7,9,14.7,9,15.7,9,16.7,9,17.7,10,14.7,10,15.7,10,16.7,10,17.7,11,16.7,11,17.8,9,11.8,9,12.8,9,13.8,9,14.8,9,15.8,9,16.8,9,17.8,10,13.8,10,14.8,10,15.8,10,16.8,10,17.8,11,15.8,11,16.8,11,17.8,12,17.9,10,12.9,10,13.9,10,14.9,10,15.9,10,16.9,10,17.9,11,14.9,11,15.9,11,16.9,11,17.9,12,16.9,12,17.10,11,13.10,11,14.10,11,15.10,11,16.10,11,17.10,12,15.10,12,16.10,12,17.10,13,17.11,12,14.11,12,15.11,12,16.11,12,17.11,13,16.11,13,17.12,13,15.12,13,16.12,13,17.12,14,17.13,14,16.13,14,17.14,15,17.	1,2,4,7.1,2,4,8.1,2,4,9.1,2,4,10.1,2,4,11.1,2,4,12.1,2,4,13.1,2,4,14.1,2,4,15.1,2,4,16.1,2,4,17.1,2,5,9.1,2,5,10.1,2,5,11.1,2,5,12.1,2,5,13.1,2,5,14.1,2,5,15.1,2,5,16.1,2,5,17.1,2,6,11.1,2,6,12.1,2,6,13.1,2,6,14.1,2,6,15.1,2,6,16.1,2,6,17.1,2,7,13.1,2,7,14.1,2,7,15.1,2,7,16.1,2,7,17.1,2,8,15.1,2,8,16.1,2,8,17.1,2,9,17.1,3,6,10.1,3,6,11.1,3,6,12.1,3,6,13.1,3,6,14.1,3,6,15.1,3,6,16.1,3,6,17.1,3,7,12.1,3,7,13.1,3,7,14.1,3,7,15.1,3,7,16.1,3,7,17.1,3,8,14.1,3,8,15.1,3,8,16.1,3,8,17.1,3,9,16.1,3,9,17.1,4,8,13.1,4,8,14.1,4,8,15.1,4,8,16.1,4,8,17.1,4,9,15.1,4,9,16.1,4,9,17.1,4,10,17.1,5,10,16.1,5,10,17.2,3,5,8.2,3,5,9.2,3,5,10.2,3,5,11.2,3,5,12.2,3,5,13.2,3,5,14.2,3,5,15.2,3,5,16.2,3,5,17.2,3,6,10.2,3,6,11.2,3,6,12.2,3,6,13.2,3,6,14.2,3,6,15.2,3,6,16.2,3,6,17.2,3,7,12.2,3,7,13.2,3,7,14.2,3,7,15.2,3,7,16.2,3,7,17.2,3,8,14.2,3,8,15.2,3,8,16.2,3,8,17.2,3,9,16.2,3,9,17.2,4,7,11.2,4,7,12.2,4,7,13.2,4,7,14.2,4,7,15.2,4,7,16.2,4,7,17.2,4,8,13.2,4,8,14.2,4,8,15.2,4,8,16.2,4,8,17.2,4,9,15.2,4,9,16.2,4,9,17.2,4,10,17.2,5,9,14.2,5,9,15.2,5,9,16.2,5,9,17.2,5,10,16.2,5,10,17.2,6,11,17.3,4,6,9.3,4,6,10.3,4,6,11.3,4,6,12.3,4,6,13.3,4,6,14.3,4,6,15.3,4,6,16.3,4,6,17.3,4,7,11.3,4,7,12.3,4,7,13.3,4,7,14.3,4,7,15.3,4,7,16.3,4,7,17.3,4,8,13.3,4,8,14.3,4,8,15.3,4,8,16.3,4,8,17.3,4,9,15.3,4,9,16.3,4,9,17.3,4,10,17.3,5,8,12.3,5,8,13.3,5,8,14.3,5,8,15.3,5,8,16.3,5,8,17.3,5,9,14.3,5,9,15.3,5,9,16.3,5,9,17.3,5,10,16.3,5,10,17.3,6,10,15.3,6,10,16.3,6,10,17.3,6,11,17.4,5,7,10.4,5,7,11.4,5,7,12.4,5,7,13.4,5,7,14.4,5,7,15.4,5,7,16.4,5,7,17.4,5,8,12.4,5,8,13.4,5,8,14.4,5,8,15.4,5,8,16.4,5,8,17.4,5,9,14.4,5,9,15.4,5,9,16.4,5,9,17.4,5,10,16.4,5,10,17.4,6,9,13.4,6,9,14.4,6,9,15.4,6,9,16.4,6,9,17.4,6,10,15.4,6,10,16.4,6,10,17.4,6,11,17.4,7,11,16.4,7,11,17.5,6,8,11.5,6,8,12.5,6,8,13.5,6,8,14.5,6,8,15.5,6,8,16.5,6,8,17.5,6,9,13.5,6,9,14.5,6,9,15.5,6,9,16.5,6,9,17.5,6,10,15.5,6,10,16.5,6,10,17.5,6,11,17.5,7,10,14.5,7,10,15.5,7,10,16.5,7,10,17.5,7,11,16.5,7,11,17.5,8,12,17.6,7,9,12.6,7,9,13.6,7,9,14.6,7,9,15.6,7,9,16.6,7,9,17.6,7,10,14.6,7,10,15.6,7,10,16.6,7,10,17.6,7,11,16.6,7,11,17.6,8,11,15.6,8,11,16.6,8,11,17.6,8,12,17.7,8,10,13.7,8,10,14.7,8,10,15.7,8,10,16.7,8,10,17.7,8,11,15.7,8,11,16.7,8,11,17.7,8,12,17.7,9,12,16.7,9,12,17.8,9,11,14.8,9,11,15.8,9,11,16.8,9,11,17.8,9,12,16.8,9,12,17.8,10,13,17.9,10,12,15.9,10,12,16.9,10,12,17.9,10,13,17.10,11,13,16.10,11,13,17.11,12,14,17.	1,2,4,7,11.1,2,4,7,12.1,2,4,7,13.1,2,4,7,14.1,2,4,7,15.1,2,4,7,16.1,2,4,7,17.1,2,4,8,13.1,2,4,8,14.1,2,4,8,15.1,2,4,8,16.1,2,4,8,17.1,2,4,9,15.1,2,4,9,16.1,2,4,9,17.1,2,4,10,17.1,2,5,9,14.1,2,5,9,15.1,2,5,9,16.1,2,5,9,17.1,2,5,10,16.1,2,5,10,17.1,2,6,11,17.1,3,6,10,15.1,3,6,10,16.1,3,6,10,17.1,3,6,11,17.2,3,5,8,12.2,3,5,8,13.2,3,5,8,14.2,3,5,8,15.2,3,5,8,16.2,3,5,8,17.2,3,5,9,14.2,3,5,9,15.2,3,5,9,16.2,3,5,9,17.2,3,5,10,16.2,3,5,10,17.2,3,6,10,15.2,3,6,10,16.2,3,6,10,17.2,3,6,11,17.2,4,7,11,16.2,4,7,11,17.3,4,6,9,13.3,4,6,9,14.3,4,6,9,15.3,4,6,9,16.3,4,6,9,17.3,4,6,10,15.3,4,6,10,16.3,4,6,10,17.3,4,6,11,17.3,4,7,11,16.3,4,7,11,17.3,5,8,12,17.4,5,7,10,14.4,5,7,10,15.4,5,7,10,16.4,5,7,10,17.4,5,7,11,16.4,5,7,11,17.4,5,8,12,17.5,6,8,11,15.5,6,8,11,16.5,6,8,11,17.5,6,8,12,17.6,7,9,12,16.6,7,9,12,17.7,8,10,13,17.	1,2,4,7,11,16.1,2,4,7,11,17.2,3,5,8,12,17.
18	.	1.2.3.4.5.6.7.8.9.10.11.12.13.14.15.16.17.18.	1,2.1,3.1,4.1,5.1,6.1,7.1,8.1,9.1,10.1,11.1,12.1,13.1,14.1,15.1,16.1,17.1,18.2,3.2,4.2,5.2,6.2,7.2,8.2,9.2,10.2,11.2,12.2,13.2,14.2,15.2,16.2,17.2,18.3,4.3,5.3,6.3,7.3,8.3,9.3,10.3,11.3,12.3,13.3,14.3,15.3,16.3,17.3,18.4,5.4,6.4,7.4,8.4,9.4,10.4,11.4,12.4,13.4,14.4,15.4,16.4,17.4,18.5,6.5,7.5,8.5,9.5,10.5,11.5,12.5,13.5,14.5,15.5,16.5,17.5,18.6,7.6,8.6,9.6,10.6,11.6,12.6,13.6,14.6,15.6,16.6,17.6,18.7,8.7,9.7,10.7,11.7,12.7,13.7,14.7,15.7,16.7,17.7,18.8,9.8,10.8,11.8,12.8,13.8,14.8,15.8,16.8,17.8,18.9,10.9,11.9,12.9,13.9,14.9,15.9,16.9,17.9,18.10,11.10,12.10,13.10,14.10,15.10,16.10,17.10,18.11,12.11,13.11,14.11,15.11,16.11,17.11,18.12,13.12,14.12,15.12,16.12,17.12,18.13,14.13,15.13,16.13,17.13,18.14,15.14,16.14,17.14,18.15,16.15,17.15,18.16,17.16,18.17,18.	1,2,4.1,2,5.1,2,6.1,2,7.1,2,8.1,2,9.1,2,10.1,2,11.1,2,12.1,2,13.1,2,14.1,2,15.1,2,16.1,2,17.1,2,18.1,3,6.1,3,7.1,3,8.1,3,9.1,3,10.1,3,11.1,3,12.1,3,13.1,3,14.1,3,15.1,3,16.1,3,17.1,3,18.1,4,8.1,4,9.1,4,10.1,4,11.1,4,12.1,4,13.1,4,14.1,4,15.1,4,16.1,4,17.1,4,18.1,5,10.1,5,11.1,5,12.1,5,13.1,5,14.1,5,15.1,5,16.1,5,17.1,5,18.1,6,12.1,6,13.1,6,14.1,6,15.1,6,16.1,6,17.1,6,18.1,7,14.1,7,15.1,7,16.1,7,17.1,7,18.1,8,16.1,8,17.1,8,18.1,9,18.2,3,5.2,3,6.2,3,7.2,3,8.2,3,9.2,3,10.2,3,11.2,3,12.2,3,13.2,3,14.2,3,15.2,3,16.2,3,17.2,3,18.2,4,7.2,4,8.2,4,9.2,4,10.2,4,11.2,4,12.2,4,13.2,4,14.2,4,15.2,4,16.2,4,17.2,4,18.2,5,9.2,5,10.2,5,11.2,5,12.2,5,13.2,5,14.2,5,15.2,5,16.2,5,17.2,5,18.2,6,11.2,6,12.2,6,13.2,6,14.2,6,15.2,6,16.2,6,17.2,6,18.2,7,13.2,7,14.2,7,15.2,7,16.2,7,17.2,7,18.2,8,15.2,8,16.2,8,17.2,8,18.2,9,17.2,9,18.3,4,6.3,4,7.3,4,8.3,4,9.3,4,10.3,4,11.3,4,12.3,4,13.3,4,14.3,4,15.3,4,16.3,4,17.3,4,18.3,5,8.3,5,9.3,5,10.3,5,11.3,5,12.3,5,13.3,5,14.3,5,15.3,5,16.3,5,17.3,5,18.3,6,10.3,6,11.3,6,12.3,6,13.3,6,14.3,6,15.3,6,16.3,6,17.3,6,18.3,7,12.3,7,13.3,7,14.3,7,15.3,7,16.3,7,17.3,7,18.3,8,14.3,8,15.3,8,16.3,8,17.3,8,18.3,9,16.3,9,17.3,9,18.3,10,18.4,5,7.4,5,8.4,5,9.4,5,10.4,5,11.4,5,12.4,5,13.4,5,14.4,5,15.4,5,16.4,5,17.4,5,18.4,6,9.4,6,10.4,6,11.4,6,12.4,6,13.4,6,14.4,6,15.4,6,16.4,6,17.4,6,18.4,7,11.4,7,12.4,7,13.4,7,14.4,7,15.4,7,16.4,7,17.4,7,18.4,8,13.4,8,14.4,8,15.4,8,16.4,8,17.4,8,18.4,9,15.4,9,16.4,9,17.4,9,18.4,10,17.4,10,18.5,6,8.5,6,9.5,6,10.5,6,11.5,6,12.5,6,13.5,6,14.5,6,15.5,6,16.5,6,17.5,6,18.5,7,10.5,7,11.5,7,12.5,7,13.5,7,14.5,7,15.5,7,16.5,7,17.5,7,18.5,8,12.5,8,13.5,8,14.5,8,15.5,8,16.5,8,17.5,8,18.5,9,14.5,9,15.5,9,16.5,9,17.5,9,18.5,10,16.5,10,17.5,10,18.5,11,18.6,7,9.6,7,10.6,7,11.6,7,12.6,7,13.6,7,14.6,7,15.6,7,16.6,7,17.6,7,18.6,8,11.6,8,12.6,8,13.6,8,14.6,8,15.6,8,16.6,8,17.6,8,18.6,9,13.6,9,14.6,9,15.6,9,16.6,9,17.6,9,18.6,10,15.6,10,16.6,10,17.6,10,18.6,11,17.6,11,18.7,8,10.7,8,11.7,8,12.7,8,13.7,8,14.7,8,15.7,8,16.7,8,17.7,8,18.7,9,12.7,9,13.7,9,14.7,9,15.7,9,16.7,9,17.7,9,18.7,10,14.7,10,15.7,10,16.7,10,17.7,10,18.7,11,16.7,11,17.7,11,18.7,12,18.8,9,11.8,9,12.8,9,13.8,9,14.8,9,15.8,9,16.8,9,17.8,9,18.8,10,13.8,10,14.8,10,15.8,10,16.8,10,17.8,10,18.8,11,15.8,11,16.8,11,17.8,11,18.8,12,17.8,12,18.9,10,12.9,10,13.9,10,14.9,10,15.9,10,16.9,10,17.9,10,18.9,11,14.9,11,15.9,11,16.9,11,17.9,11,18.9,12,16.9,12,17.9,12,18.9,13,18.10,11,13.10,11,14.10,11,15.10,11,16.10,11,17.10,11,18.10,12,15.10,12,16.10,12,17.10,12,18.10,13,17.10,13,18.11,12,14.11,12,15.11,12,16.11,12,17.11,12,18.11,13,16.11,13,17.11,13,18.11,14,18.12,13,15.12,13,16.12,13,17.12,13,18.12,14,17.12,14,18.13,14,16.13,14,17.13,14,18.13,15,18.14,15,17.14,15,18.15,16,18.	1,2,4,7.1,2,4,8.1,2,4,9.1,2,4,10.1,2,4,11.1,2,4,12.1,2,4,13.1,2,4,14.1,2,4,15.1,2,4,16.1,2,4,17.1,2,4,18.1,2,5,9.1,2,5,10.1,2,5,11.1,2,5,12.1,2,5,13.1,2,5,14.1,2,5,15.1,2,5,16.1,2,5,17.1,2,5,18.1,2,6,11.1,2,6,12.1,2,6,13.1,2,6,14.1,2,6,15.1,2,6,16.1,2,6,17.1,2,6,18.1,2,7,13.1,2,7,14.1,2,7,15.1,2,7,16.1,2,7,17.1,2,7,18.1,2,8,15.1,2,8,16.1,2,8,17.1,2,8,18.1,2,9,17.1,2,9,18.1,3,6,10.1,3,6,11.1,3,6,12.1,3,6,13.1,3,6,14.1,3,6,15.1,3,6,16.1,3,6,17.1,3,6,18.1,3,7,12.1,3,7,13.1,3,7,14.1,3,7,15.1,3,7,16.1,3,7,17.1,3,7,18.1,3,8,14.1,3,8,15.1,3,8,16.1,3,8,17.1,3,8,18.1,3,9,16.1,3,9,17.1,3,9,18.1,3,10,18.1,4,8,13.1,4,8,14.1,4,8,15.1,4,8,16.1,4,8,17.1,4,8,18.1,4,9,15.1,4,9,16.1,4,9,17.1,4,9,18.1,4,10,17.1,4,10,18.1,5,10,16.1,5,10,17.1,5,10,18.1,5,11,18.2,3,5,8.2,3,5,9.2,3,5,10.2,3,5,11.2,3,5,12.2,3,5,13.2,3,5,14.2,3,5,15.2,3,5,16.2,3,5,17.2,3,5,18.2,3,6,10.2,3,6,11.2,3,6,12.2,3,6,13.2,3,6,14.2,3,6,15.2,3,6,16.2,3,6,17.2,3,6,18.2,3,7,12.2,3,7,13.2,3,7,14.2,3,7,15.2,3,7,16.2,3,7,17.2,3,7,18.2,3,8,14.2,3,8,15.2,3,8,16.2,3,8,17.2,3,8,18.2,3,9,16.2,3,9,17.2,3,9,18.2,3,10,18.2,4,7,11.2,4,7,12.2,4,7,13.2,4,7,14.2,4,7,15.2,4,7,16.2,4,7,17.2,4,7,18.2,4,8,13.2,4,8,14.2,4,8,15.2,4,8,16.2,4,8,17.2,4,8,18.2,4,9,15.2,4,9,16.2,4,9,17.2,4,9,18.2,4,10,17.2,4,10,18.2,5,9,14.2,5,9,15.2,5,9,16.2,5,9,17.2,5,9,18.2,5,10,16.2,5,10,17.2,5,10,18.2,5,11,18.2,6,11,17.2,6,11,18.3,4,6,9.3,4,6,10.3,4,6,11.3,4,6,12.3,4,6,13.3,4,6,14.3,4,6,15.3,4,6,16.3,4,6,17.3,4,6,18.3,4,7,11.3,4,7,12.3,4,7,13.3,4,7,14.3,4,7,15.3,4,7,16.3,4,7,17.3,4,7,18.3,4,8,13.3,4,8,14.3,4,8,15.3,4,8,16.3,4,8,17.3,4,8,18.3,4,9,15.3,4,9,16.3,4,9,17.3,4,9,18.3,4,10,17.3,4,10,18.3,5,8,12.3,5,8,13.3,5,8,14.3,5,8,15.3,5,8,16.3,5,8,17.3,5,8,18.3,5,9,14.3,5,9,15.3,5,9,16.3,5,9,17.3,5,9,18.3,5,10,16.3,5,10,17.3,5,10,18.3,5,11,18.3,6,10,15.3,6,10,16.3,6,10,17.3,6,10,18.3,6,11,17.3,6,11,18.3,7,12,18.4,5,7,10.4,5,7,11.4,5,7,12.4,5,7,13.4,5,7,14.4,5,7,15.4,5,7,16.4,5,7,17.4,5,7,18.4,5,8,12.4,5,8,13.4,5,8,14.4,5,8,15.4,5,8,16.4,5,8,17.4,5,8,18.4,5,9,14.4,5,9,15.4,5,9,16.4,5,9,17.4,5,9,18.4,5,10,16.4,5,10,17.4,5,10,18.4,5,11,18.4,6,9,13.4,6,9,14.4,6,9,15.4,6,9,16.4,6,9,17.4,6,9,18.4,6,10,15.4,6,10,16.4,6,10,17.4,6,10,18.4,6,11,17.4,6,11,18.4,7,11,16.4,7,11,17.4,7,11,18.4,7,12,18.5,6,8,11.5,6,8,12.5,6,8,13.5,6,8,14.5,6,8,15.5,6,8,16.5,6,8,17.5,6,8,18.5,6,9,13.5,6,9,14.5,6,9,15.5,6,9,16.5,6,9,17.5,6,9,18.5,6,10,15.5,6,10,16.5,6,10,17.5,6,10,18.5,6,11,17.5,6,11,18.5,7,10,14.5,7,10,15.5,7,10,16.5,7,10,17.5,7,10,18.5,7,11,16.5,7,11,17.5,7,11,18.5,7,12,18.5,8,12,17.5,8,12,18.6,7,9,12.6,7,9,13.6,7,9,14.6,7,9,15.6,7,9,16.6,7,9,17.6,7,9,18.6,7,10,14.6,7,10,15.6,7,10,16.6,7,10,17.6,7,10,18.6,7,11,16.6,7,11,17.6,7,11,18.6,7,12,18.6,8,11,15.6,8,11,16.6,8,11,17.6,8,11,18.6,8,12,17.6,8,12,18.6,9,13,18.7,8,10,13.7,8,10,14.7,8,10,15.7,8,10,16.7,8,10,17.7,8,10,18.7,8,11,15.7,8,11,16.7,8,11,17.7,8,11,18.7,8,12,17.7,8,12,18.7,9,12,16.7,9,12,17.7,9,12,18.7,9,13,18.8,9,11,14.8,9,11,15.8,9,11,16.8,9,11,17.8,9,11,18.8,9,12,16.8,9,12,17.8,9,12,18.8,9,13,18.8,10,13,17.8,10,13,18.9,10,12,15.9,10,12,16.9,10,12,17.9,10,12,18.9,10,13,17.9,10,13,18.9,11,14,18.10,11,13,16.10,11,13,17.10,11,13,18.10,11,14,18.11,12,14,17.11,12,14,18.12,13,15,18.	1,2,4,7,11.1,2,4,7,12.1,2,4,7,13.1,2,4,7,14.1,2,4,7,15.1,2,4,7,16.1,2,4,7,17.1,2,4,7,18.1,2,4,8,13.1,2,4,8,14.1,2,4,8,15.1,2,4,8,16.1,2,4,8,17.1,2,4,8,18.1,2,4,9,15.1,2,4,9,16.1,2,4,9,17.1,2,4,9,18.1,2,4,10,17.1,2,4,10,18.1,2,5,9,14.1,2,5,9,15.1,2,5,9,16.1,2,5,9,17.1,2,5,9,18.1,2,5,10,16.1,2,5,10,17.1,2,5,10,18.1,2,5,11,18.1,2,6,11,17.1,2,6,11,18.1,3,6,10,15.1,3,6,10,16.1,3,6,10,17.1,3,6,10,18.1,3,6,11,17.1,3,6,11,18.1,3,7,12,18.2,3,5,8,12.2,3,5,8,13.2,3,5,8,14.2,3,5,8,15.2,3,5,8,16.2,3,5,8,17.2,3,5,8,18.2,3,5,9,14.2,3,5,9,15.2,3,5,9,16.2,3,5,9,17.2,3,5,9,18.2,3,5,10,16.2,3,5,10,17.2,3,5,10,18.2,3,5,11,18.2,3,6,10,15.2,3,6,10,16.2,3,6,10,17.2,3,6,10,18.2,3,6,11,17.2,3,6,11,18.2,3,7,12,18.2,4,7,11,16.2,4,7,11,17.2,4,7,11,18.2,4,7,12,18.3,4,6,9,13.3,4,6,9,14.3,4,6,9,15.3,4,6,9,16.3,4,6,9,17.3,4,6,9,18.3,4,6,10,15.3,4,6,10,16.3,4,6,10,17.3,4,6,10,18.3,4,6,11,17.3,4,6,11,18.3,4,7,11,16.3,4,7,11,17.3,4,7,11,18.3,4,7,12,18.3,5,8,12,17.3,5,8,12,18.4,5,7,10,14.4,5,7,10,15.4,5,7,10,16.4,5,7,10,17.4,5,7,10,18.4,5,7,11,16.4,5,7,11,17.4,5,7,11,18.4,5,7,12,18.4,5,8,12,17.4,5,8,12,18.4,6,9,13,18.5,6,8,11,15.5,6,8,11,16.5,6,8,11,17.5,6,8,11,18.5,6,8,12,17.5,6,8,12,18.5,6,9,13,18.6,7,9,12,16.6,7,9,12,17.6,7,9,12,18.6,7,9,13,18.7,8,10,13,17.7,8,10,13,18.8,9,11,14,18.	1,2,4,7,11,16.1,2,4,7,11,17.1,2,4,7,11,18.1,2,4,7,12,18.2,3,5,8,12,17.2,3,5,8,12,18.3,4,6,9,13,18.
19	àûNÊ.	àûNÊ1.àûNÊ2.àûNÊ3.àûNÊ4.àûNÊ5.àûNÊ6.àûNÊ7.àûNÊ8.àûNÊ9.àûNÊ10.àûNÊ11.àûNÊ12.àûNÊ13.àûNÊ14.àûNÊ15.àûNÊ16.àûNÊ17.àûNÊ18.àûNÊ19.	àûNÊ1,2.àûNÊ1,3.àûNÊ1,4.àûNÊ1,5.àûNÊ1,6.àûNÊ1,7.àûNÊ1,8.àûNÊ1,9.àûNÊ1,10.àûNÊ1,11.àûNÊ1,12.àûNÊ1,13.àûNÊ1,14.àûNÊ1,15.àûNÊ1,16.àûNÊ1,17.àûNÊ1,18.àûNÊ1,19.àûNÊ2,3.àûNÊ2,4.àûNÊ2,5.àûNÊ2,6.àûNÊ2,7.àûNÊ2,8.àûNÊ2,9.àûNÊ2,10.àûNÊ2,11.àûNÊ2,12.àûNÊ2,13.àûNÊ2,14.àûNÊ2,15.àûNÊ2,16.àûNÊ2,17.àûNÊ2,18.üNÊ2,19.3,4.3,5.3,6.3,7.3,8.3,9.3,10.3,11.3,12.3,13.3,14.3,15.3,16.3,17.3,18.3,19.4,5.4,6.4,7.4,8.4,9.4,10.4,11.4,12.4,13.4,14.4,15.4,16.4,17.4,18.4,19.5,6.5,7.5,8.5,9.5,10.5,11.5,12.5,13.5,14.5,15.5,16.5,17.5,18.5,19.6,7.6,8.6,9.6,10.6,11.6,12.6,13.6,14.6,15.6,16.6,17.6,18.6,19.7,8.7,9.7,10.7,11.7,12.7,13.7,14.7,15.7,16.7,17.7,18.7,19.8,9.8,10.8,11.8,12.8,13.8,14.8,15.8,16.8,17.8,18.8,19.9,10.9,11.9,12.9,13.9,14.9,15.9,16.9,17.9,18.9,19.10,11.10,12.10,13.10,14.10,15.10,16.10,17.10,18.10,19.11,12.11,13.11,14.11,15.11,16.11,17.11,18.11,19.12,13.12,14.12,15.12,16.12,17.12,18.12,19.13,14.13,15.13,16.13,17.13,18.13,19.14,15.14,16.14,17.14,18.14,19.15,16.15,17.15,18.15,19.16,17.16,18.16,19.17,18.17,19.18,19.	1,2,4.1,2,5.1,2,6.1,2,7.1,2,8.1,2,9.1,2,10.1,2,11.1,2,12.1,2,13.1,2,14.1,2,15.1,2,16.1,2,17.1,2,18.1,2,19.1,3,6.1,3,7.1,3,8.1,3,9.1,3,10.1,3,11.1,3,12.1,3,13.1,3,14.1,3,15.1,3,16.1,3,17.1,3,18.1,3,19.1,4,8.1,4,9.1,4,10.1,4,11.1,4,12.1,4,13.1,4,14.1,4,15.1,4,16.1,4,17.1,4,18.1,4,19.1,5,10.1,5,11.1,5,12.1,5,13.1,5,14.1,5,15.1,5,16.1,5,17.1,5,18.1,5,19.1,6,12.1,6,13.1,6,14.1,6,15.1,6,16.1,6,17.1,6,18.1,6,19.1,7,14.1,7,15.1,7,16.1,7,17.1,7,18.1,7,19.1,8,16.1,8,17.1,8,18.1,8,19.1,9,18.1,9,19.2,3,5.2,3,6.2,3,7.2,3,8.2,3,9.2,3,10.2,3,11.2,3,12.2,3,13.2,3,14.2,3,15.2,3,16.2,3,17.2,3,18.2,3,19.2,4,7.2,4,8.2,4,9.2,4,10.2,4,11.2,4,12.2,4,13.2,4,14.2,4,15.2,4,16.2,4,17.2,4,18.2,4,19.2,5,9.2,5,10.2,5,11.2,5,12.2,5,13.2,5,14.2,5,15.2,5,16.2,5,17.2,5,18.2,5,19.2,6,11.2,6,12.2,6,13.2,6,14.2,6,15.2,6,16.2,6,17.2,6,18.2,6,19.2,7,13.2,7,14.2,7,15.2,7,16.2,7,17.2,7,18.2,7,19.2,8,15.2,8,16.2,8,17.2,8,18.2,8,19.2,9,17.2,9,18.2,9,19.2,10,19.3,4,6.3,4,7.3,4,8.3,4,9.3,4,10.3,4,11.3,4,12.3,4,13.3,4,14.3,4,15.3,4,16.3,4,17.3,4,18.3,4,19.3,5,8.3,5,9.3,5,10.3,5,11.3,5,12.3,5,13.3,5,14.3,5,15.3,5,16.3,5,17.3,5,18.3,5,19.3,6,10.3,6,11.3,6,12.3,6,13.3,6,14.3,6,15.3,6,16.3,6,17.3,6,18.3,6,19.3,7,12.3,7,13.3,7,14.3,7,15.3,7,16.3,7,17.3,7,18.3,7,19.3,8,14.3,8,15.3,8,16.3,8,17.3,8,18.3,8,19.3,9,16.3,9,17.3,9,18.3,9,19.3,10,18.3,10,19.4,5,7.4,5,8.4,5,9.4,5,10.4,5,11.4,5,12.4,5,13.4,5,14.4,5,15.4,5,16.4,5,17.4,5,18.4,5,19.4,6,9.4,6,10.4,6,11.4,6,12.4,6,13.4,6,14.4,6,15.4,6,16.4,6,17.4,6,18.4,6,19.4,7,11.4,7,12.4,7,13.4,7,14.4,7,15.4,7,16.4,7,17.4,7,18.4,7,19.4,8,13.4,8,14.4,8,15.4,8,16.4,8,17.4,8,18.4,8,19.4,9,15.4,9,16.4,9,17.4,9,18.4,9,19.4,10,17.4,10,18.4,10,19.4,11,19.5,6,8.5,6,9.5,6,10.5,6,11.5,6,12.5,6,13.5,6,14.5,6,15.5,6,16.5,6,17.5,6,18.5,6,19.5,7,10.5,7,11.5,7,12.5,7,13.5,7,14.5,7,15.5,7,16.5,7,17.5,7,18.5,7,19.5,8,12.5,8,13.5,8,14.5,8,15.5,8,16.5,8,17.5,8,18.5,8,19.5,9,14.5,9,15.5,9,16.5,9,17.5,9,18.5,9,19.5,10,16.5,10,17.5,10,18.5,10,19.5,11,18.5,11,19.6,7,9.6,7,10.6,7,11.6,7,12.6,7,13.6,7,14.6,7,15.6,7,16.6,7,17.6,7,18.6,7,19.6,8,11.6,8,12.6,8,13.6,8,14.6,8,15.6,8,16.6,8,17.6,8,18.6,8,19.6,9,13.6,9,14.6,9,15.6,9,16.6,9,17.6,9,18.6,9,19.6,10,15.6,10,16.6,10,17.6,10,18.6,10,19.6,11,17.6,11,18.6,11,19.6,12,19.7,8,10.7,8,11.7,8,12.7,8,13.7,8,14.7,8,15.7,8,16.7,8,17.7,8,18.7,8,19.7,9,12.7,9,13.7,9,14.7,9,15.7,9,16.7,9,17.7,9,18.7,9,19.7,10,14.7,10,15.7,10,16.7,10,17.7,10,18.7,10,19.7,11,16.7,11,17.7,11,18.7,11,19.7,12,18.7,12,19.8,9,11.8,9,12.8,9,13.8,9,14.8,9,15.8,9,16.8,9,17.8,9,18.8,9,19.8,10,13.8,10,14.8,10,15.8,10,16.8,10,17.8,10,18.8,10,19.8,11,15.8,11,16.8,11,17.8,11,18.8,11,19.8,12,17.8,12,18.8,12,19.8,13,19.9,10,12.9,10,13.9,10,14.9,10,15.9,10,16.9,10,17.9,10,18.9,10,19.9,11,14.9,11,15.9,11,16.9,11,17.9,11,18.9,11,19.9,12,16.9,12,17.9,12,18.9,12,19.9,13,18.9,13,19.10,11,13.10,11,14.10,11,15.10,11,16.10,11,17.10,11,18.10,11,19.10,12,15.10,12,16.10,12,17.10,12,18.10,12,19.10,13,17.10,13,18.10,13,19.10,14,19.11,12,14.11,12,15.11,12,16.11,12,17.11,12,18.11,12,19.11,13,16.11,13,17.11,13,18.11,13,19.11,14,18.11,14,19.12,13,15.12,13,16.12,13,17.12,13,18.12,13,19.12,14,17.12,14,18.12,14,19.12,15,19.13,14,16.13,14,17.13,14,18.13,14,19.13,15,18.13,15,19.14,15,17.14,15,18.14,15,19.14,16,19.15,16,18.15,16,19.16,17,19.	1,2,4,7.1,2,4,8.1,2,4,9.1,2,4,10.1,2,4,11.1,2,4,12.1,2,4,13.1,2,4,14.1,2,4,15.1,2,4,16.1,2,4,17.1,2,4,18.1,2,4,19.1,2,5,9.1,2,5,10.1,2,5,11.1,2,5,12.1,2,5,13.1,2,5,14.1,2,5,15.1,2,5,16.1,2,5,17.1,2,5,18.1,2,5,19.1,2,6,11.1,2,6,12.1,2,6,13.1,2,6,14.1,2,6,15.1,2,6,16.1,2,6,17.1,2,6,18.1,2,6,19.1,2,7,13.1,2,7,14.1,2,7,15.1,2,7,16.1,2,7,17.1,2,7,18.1,2,7,19.1,2,8,15.1,2,8,16.1,2,8,17.1,2,8,18.1,2,8,19.1,2,9,17.1,2,9,18.1,2,9,19.1,2,10,19.1,3,6,10.1,3,6,11.1,3,6,12.1,3,6,13.1,3,6,14.1,3,6,15.1,3,6,16.1,3,6,17.1,3,6,18.1,3,6,19.1,3,7,12.1,3,7,13.1,3,7,14.1,3,7,15.1,3,7,16.1,3,7,17.1,3,7,18.1,3,7,19.1,3,8,14.1,3,8,15.1,3,8,16.1,3,8,17.1,3,8,18.1,3,8,19.1,3,9,16.1,3,9,17.1,3,9,18.1,3,9,19.1,3,10,18.1,3,10,19.1,4,8,13.1,4,8,14.1,4,8,15.1,4,8,16.1,4,8,17.1,4,8,18.1,4,8,19.1,4,9,15.1,4,9,16.1,4,9,17.1,4,9,18.1,4,9,19.1,4,10,17.1,4,10,18.1,4,10,19.1,4,11,19.1,5,10,16.1,5,10,17.1,5,10,18.1,5,10,19.1,5,11,18.1,5,11,19.1,6,12,19.2,3,5,8.2,3,5,9.2,3,5,10.2,3,5,11.2,3,5,12.2,3,5,13.2,3,5,14.2,3,5,15.2,3,5,16.2,3,5,17.2,3,5,18.2,3,5,19.2,3,6,10.2,3,6,11.2,3,6,12.2,3,6,13.2,3,6,14.2,3,6,15.2,3,6,16.2,3,6,17.2,3,6,18.2,3,6,19.2,3,7,12.2,3,7,13.2,3,7,14.2,3,7,15.2,3,7,16.2,3,7,17.2,3,7,18.2,3,7,19.2,3,8,14.2,3,8,15.2,3,8,16.2,3,8,17.2,3,8,18.2,3,8,19.2,3,9,16.2,3,9,17.2,3,9,18.2,3,9,19.2,3,10,18.2,3,10,19.2,4,7,11.2,4,7,12.2,4,7,13.2,4,7,14.2,4,7,15.2,4,7,16.2,4,7,17.2,4,7,18.2,4,7,19.2,4,8,13.2,4,8,14.2,4,8,15.2,4,8,16.2,4,8,17.2,4,8,18.2,4,8,19.2,4,9,15.2,4,9,16.2,4,9,17.2,4,9,18.2,4,9,19.2,4,10,17.2,4,10,18.2,4,10,19.2,4,11,19.2,5,9,14.2,5,9,15.2,5,9,16.2,5,9,17.2,5,9,18.2,5,9,19.2,5,10,16.2,5,10,17.2,5,10,18.2,5,10,19.2,5,11,18.2,5,11,19.2,6,11,17.2,6,11,18.2,6,11,19.2,6,12,19.3,4,6,9.3,4,6,10.3,4,6,11.3,4,6,12.3,4,6,13.3,4,6,14.3,4,6,15.3,4,6,16.3,4,6,17.3,4,6,18.3,4,6,19.3,4,7,11.3,4,7,12.3,4,7,13.3,4,7,14.3,4,7,15.3,4,7,16.3,4,7,17.3,4,7,18.3,4,7,19.3,4,8,13.3,4,8,14.3,4,8,15.3,4,8,16.3,4,8,17.3,4,8,18.3,4,8,19.3,4,9,15.3,4,9,16.3,4,9,17.3,4,9,18.3,4,9,19.3,4,10,17.3,4,10,18.3,4,10,19.3,4,11,19.3,5,8,12.3,5,8,13.3,5,8,14.3,5,8,15.3,5,8,16.3,5,8,17.3,5,8,18.3,5,8,19.3,5,9,14.3,5,9,15.3,5,9,16.3,5,9,17.3,5,9,18.3,5,9,19.3,5,10,16.3,5,10,17.3,5,10,18.3,5,10,19.3,5,11,18.3,5,11,19.3,6,10,15.3,6,10,16.3,6,10,17.3,6,10,18.3,6,10,19.3,6,11,17.3,6,11,18.3,6,11,19.3,6,12,19.3,7,12,18.3,7,12,19.4,5,7,10.4,5,7,11.4,5,7,12.4,5,7,13.4,5,7,14.4,5,7,15.4,5,7,16.4,5,7,17.4,5,7,18.4,5,7,19.4,5,8,12.4,5,8,13.4,5,8,14.4,5,8,15.4,5,8,16.4,5,8,17.4,5,8,18.4,5,8,19.4,5,9,14.4,5,9,15.4,5,9,16.4,5,9,17.4,5,9,18.4,5,9,19.4,5,10,16.4,5,10,17.4,5,10,18.4,5,10,19.4,5,11,18.4,5,11,19.4,6,9,13.4,6,9,14.4,6,9,15.4,6,9,16.4,6,9,17.4,6,9,18.4,6,9,19.4,6,10,15.4,6,10,16.4,6,10,17.4,6,10,18.4,6,10,19.4,6,11,17.4,6,11,18.4,6,11,19.4,6,12,19.4,7,11,16.4,7,11,17.4,7,11,18.4,7,11,19.4,7,12,18.4,7,12,19.4,8,13,19.5,6,8,11.5,6,8,12.5,6,8,13.5,6,8,14.5,6,8,15.5,6,8,16.5,6,8,17.5,6,8,18.5,6,8,19.5,6,9,13.5,6,9,14.5,6,9,15.5,6,9,16.5,6,9,17.5,6,9,18.5,6,9,19.5,6,10,15.5,6,10,16.5,6,10,17.5,6,10,18.5,6,10,19.5,6,11,17.5,6,11,18.5,6,11,19.5,6,12,19.5,7,10,14.5,7,10,15.5,7,10,16.5,7,10,17.5,7,10,18.5,7,10,19.5,7,11,16.5,7,11,17.5,7,11,18.5,7,11,19.5,7,12,18.5,7,12,19.5,8,12,17.5,8,12,18.5,8,12,19.5,8,13,19.6,7,9,12.6,7,9,13.6,7,9,14.6,7,9,15.6,7,9,16.6,7,9,17.6,7,9,18.6,7,9,19.6,7,10,14.6,7,10,15.6,7,10,16.6,7,10,17.6,7,10,18.6,7,10,19.6,7,11,16.6,7,11,17.6,7,11,18.6,7,11,19.6,7,12,18.6,7,12,19.6,8,11,15.6,8,11,16.6,8,11,17.6,8,11,18.6,8,11,19.6,8,12,17.6,8,12,18.6,8,12,19.6,8,13,19.6,9,13,18.6,9,13,19.7,8,10,13.7,8,10,14.7,8,10,15.7,8,10,16.7,8,10,17.7,8,10,18.7,8,10,19.7,8,11,15.7,8,11,16.7,8,11,17.7,8,11,18.7,8,11,19.7,8,12,17.7,8,12,18.7,8,12,19.7,8,13,19.7,9,12,16.7,9,12,17.7,9,12,18.7,9,12,19.7,9,13,18.7,9,13,19.7,10,14,19.8,9,11,14.8,9,11,15.8,9,11,16.8,9,11,17.8,9,11,18.8,9,11,19.8,9,12,16.8,9,12,17.8,9,12,18.8,9,12,19.8,9,13,18.8,9,13,19.8,10,13,17.8,10,13,18.8,10,13,19.8,10,14,19.9,10,12,15.9,10,12,16.9,10,12,17.9,10,12,18.9,10,12,19.9,10,13,17.9,10,13,18.9,10,13,19.9,10,14,19.9,11,14,18.9,11,14,19.10,11,13,16.10,11,13,17.10,11,13,18.10,11,13,19.10,11,14,18.10,11,14,19.10,12,15,19.11,12,14,17.11,12,14,18.11,12,14,19.11,12,15,19.12,13,15,18.12,13,15,19.13,14,16,19.	1,2,4,7,11.1,2,4,7,12.1,2,4,7,13.1,2,4,7,14.1,2,4,7,15.1,2,4,7,16.1,2,4,7,17.1,2,4,7,18.1,2,4,7,19.1,2,4,8,13.1,2,4,8,14.1,2,4,8,15.1,2,4,8,16.1,2,4,8,17.1,2,4,8,18.1,2,4,8,19.1,2,4,9,15.1,2,4,9,16.1,2,4,9,17.1,2,4,9,18.1,2,4,9,19.1,2,4,10,17.1,2,4,10,18.1,2,4,10,19.1,2,4,11,19.1,2,5,9,14.1,2,5,9,15.1,2,5,9,16.1,2,5,9,17.1,2,5,9,18.1,2,5,9,19.1,2,5,10,16.1,2,5,10,17.1,2,5,10,18.1,2,5,10,19.1,2,5,11,18.1,2,5,11,19.1,2,6,11,17.1,2,6,11,18.1,2,6,11,19.1,2,6,12,19.1,3,6,10,15.1,3,6,10,16.1,3,6,10,17.1,3,6,10,18.1,3,6,10,19.1,3,6,11,17.1,3,6,11,18.1,3,6,11,19.1,3,6,12,19.1,3,7,12,18.1,3,7,12,19.1,4,8,13,19.2,3,5,8,12.2,3,5,8,13.2,3,5,8,14.2,3,5,8,15.2,3,5,8,16.2,3,5,8,17.2,3,5,8,18.2,3,5,8,19.2,3,5,9,14.2,3,5,9,15.2,3,5,9,16.2,3,5,9,17.2,3,5,9,18.2,3,5,9,19.2,3,5,10,16.2,3,5,10,17.2,3,5,10,18.2,3,5,10,19.2,3,5,11,18.2,3,5,11,19.2,3,6,10,15.2,3,6,10,16.2,3,6,10,17.2,3,6,10,18.2,3,6,10,19.2,3,6,11,17.2,3,6,11,18.2,3,6,11,19.2,3,6,12,19.2,3,7,12,18.2,3,7,12,19.2,4,7,11,16.2,4,7,11,17.2,4,7,11,18.2,4,7,11,19.2,4,7,12,18.2,4,7,12,19.2,4,8,13,19.3,4,6,9,13.3,4,6,9,14.3,4,6,9,15.3,4,6,9,16.3,4,6,9,17.3,4,6,9,18.3,4,6,9,19.3,4,6,10,15.3,4,6,10,16.3,4,6,10,17.3,4,6,10,18.3,4,6,10,19.3,4,6,11,17.3,4,6,11,18.3,4,6,11,19.3,4,6,12,19.3,4,7,11,16.3,4,7,11,17.3,4,7,11,18.3,4,7,11,19.3,4,7,12,18.3,4,7,12,19.3,4,8,13,19.3,5,8,12,17.3,5,8,12,18.3,5,8,12,19.3,5,8,13,19.4,5,7,10,14.4,5,7,10,15.4,5,7,10,16.4,5,7,10,17.4,5,7,10,18.4,5,7,10,19.4,5,7,11,16.4,5,7,11,17.4,5,7,11,18.4,5,7,11,19.4,5,7,12,18.4,5,7,12,19.4,5,8,12,17.4,5,8,12,18.4,5,8,12,19.4,5,8,13,19.4,6,9,13,18.4,6,9,13,19.5,6,8,11,15.5,6,8,11,16.5,6,8,11,17.5,6,8,11,18.5,6,8,11,19.5,6,8,12,17.5,6,8,12,18.5,6,8,12,19.5,6,8,13,19.5,6,9,13,18.5,6,9,13,19.5,7,10,14,19.6,7,9,12,16.6,7,9,12,17.6,7,9,12,18.6,7,9,12,19.6,7,9,13,18.6,7,9,13,19.6,7,10,14,19.7,8,10,13,17.7,8,10,13,18.7,8,10,13,19.7,8,10,14,19.8,9,11,14,18.8,9,11,14,19.9,10,12,15,19.	1,2,4,7,11,16.1,2,4,7,11,17.1,2,4,7,11,18.1,2,4,7,11,19.1,2,4,7,12,18.1,2,4,7,12,19.1,2,4,8,13,19.2,3,5,8,12,17.2,3,5,8,12,18.2,3,5,8,12,19.2,3,5,8,13,19.3,4,6,9,13,18.3,4,6,9,13,19.4,5,7,10,14,19.
20	.	1.2.3.4.5.6.7.8.9.10.11.12.13.14.15.16.17.18.19.20.	1,2.1,3.1,4.1,5.1,6.1,7.1,8.1,9.1,10.1,11.1,12.1,13.1,14.1,15.1,16.1,17.1,18.1,19.1,20.2,3.2,4.2,5.2,6.2,7.2,8.2,9.2,10.2,11.2,12.2,13.2,14.2,15.2,16.2,17.2,18.2,19.2,20.3,4.3,5.3,6.3,7.3,8.3,9.3,10.3,11.3,12.3,13.3,14.3,15.3,16.3,17.3,18.3,19.3,20.4,5.4,6.4,7.4,8.4,9.4,10.4,11.4,12.4,13.4,14.4,15.4,16.4,17.4,18.4,19.4,20.5,6.5,7.5,8.5,9.5,10.5,11.5,12.5,13.5,14.5,15.5,16.5,17.5,18.5,19.5,20.6,7.6,8.6,9.6,10.6,11.6,12.6,13.6,14.6,15.6,16.6,17.6,18.6,19.6,20.7,8.7,9.7,10.7,11.7,12.7,13.7,14.7,15.7,16.7,17.7,18.7,19.7,20.8,9.8,10.8,11.8,12.8,13.8,14.8,15.8,16.8,17.8,18.8,19.8,20.9,10.9,11.9,12.9,13.9,14.9,15.9,16.9,17.9,18.9,19.9,20.10,11.10,12.10,13.10,14.10,15.10,16.10,17.10,18.10,19.10,20.11,12.11,13.11,14.11,15.11,16.11,17.11,18.11,19.11,20.12,13.12,14.12,15.12,16.12,17.12,18.12,19.12,20.13,14.13,15.13,16.13,17.13,18.13,19.13,20.14,15.14,16.14,17.14,18.14,19.14,20.15,16.15,17.15,18.15,19.15,20.16,17.16,18.16,19.16,20.17,18.17,19.17,20.18,19.18,20.19,20.	1,2,4.1,2,5.1,2,6.1,2,7.1,2,8.1,2,9.1,2,10.1,2,11.1,2,12.1,2,13.1,2,14.1,2,15.1,2,16.1,2,17.1,2,18.1,2,19.1,2,20.1,3,6.1,3,7.1,3,8.1,3,9.1,3,10.1,3,11.1,3,12.1,3,13.1,3,14.1,3,15.1,3,16.1,3,17.1,3,18.1,3,19.1,3,20.1,4,8.1,4,9.1,4,10.1,4,11.1,4,12.1,4,13.1,4,14.1,4,15.1,4,16.1,4,17.1,4,18.1,4,19.1,4,20.1,5,10.1,5,11.1,5,12.1,5,13.1,5,14.1,5,15.1,5,16.1,5,17.1,5,18.1,5,19.1,5,20.1,6,12.1,6,13.1,6,14.1,6,15.1,6,16.1,6,17.1,6,18.1,6,19.1,6,20.1,7,14.1,7,15.1,7,16.1,7,17.1,7,18.1,7,19.1,7,20.1,8,16.1,8,17.1,8,18.1,8,19.1,8,20.1,9,18.1,9,19.1,9,20.1,10,20.2,3,5.2,3,6.2,3,7.2,3,8.2,3,9.2,3,10.2,3,11.2,3,12.2,3,13.2,3,14.2,3,15.2,3,16.2,3,17.2,3,18.2,3,19.2,3,20.2,4,7.2,4,8.2,4,9.2,4,10.2,4,11.2,4,12.2,4,13.2,4,14.2,4,15.2,4,16.2,4,17.2,4,18.2,4,19.2,4,20.2,5,9.2,5,10.2,5,11.2,5,12.2,5,13.2,5,14.2,5,15.2,5,16.2,5,17.2,5,18.2,5,19.2,5,20.2,6,11.2,6,12.2,6,13.2,6,14.2,6,15.2,6,16.2,6,17.2,6,18.2,6,19.2,6,20.2,7,13.2,7,14.2,7,15.2,7,16.2,7,17.2,7,18.2,7,19.2,7,20.2,8,15.2,8,16.2,8,17.2,8,18.2,8,19.2,8,20.2,9,17.2,9,18.2,9,19.2,9,20.2,10,19.2,10,20.3,4,6.3,4,7.3,4,8.3,4,9.3,4,10.3,4,11.3,4,12.3,4,13.3,4,14.3,4,15.3,4,16.3,4,17.3,4,18.3,4,19.3,4,20.3,5,8.3,5,9.3,5,10.3,5,11.3,5,12.3,5,13.3,5,14.3,5,15.3,5,16.3,5,17.3,5,18.3,5,19.3,5,20.3,6,10.3,6,11.3,6,12.3,6,13.3,6,14.3,6,15.3,6,16.3,6,17.3,6,18.3,6,19.3,6,20.3,7,12.3,7,13.3,7,14.3,7,15.3,7,16.3,7,17.3,7,18.3,7,19.3,7,20.3,8,14.3,8,15.3,8,16.3,8,17.3,8,18.3,8,19.3,8,20.3,9,16.3,9,17.3,9,18.3,9,19.3,9,20.3,10,18.3,10,19.3,10,20.3,11,20.4,5,7.4,5,8.4,5,9.4,5,10.4,5,11.4,5,12.4,5,13.4,5,14.4,5,15.4,5,16.4,5,17.4,5,18.4,5,19.4,5,20.4,6,9.4,6,10.4,6,11.4,6,12.4,6,13.4,6,14.4,6,15.4,6,16.4,6,17.4,6,18.4,6,19.4,6,20.4,7,11.4,7,12.4,7,13.4,7,14.4,7,15.4,7,16.4,7,17.4,7,18.4,7,19.4,7,20.4,8,13.4,8,14.4,8,15.4,8,16.4,8,17.4,8,18.4,8,19.4,8,20.4,9,15.4,9,16.4,9,17.4,9,18.4,9,19.4,9,20.4,10,17.4,10,18.4,10,19.4,10,20.4,11,19.4,11,20.5,6,8.5,6,9.5,6,10.5,6,11.5,6,12.5,6,13.5,6,14.5,6,15.5,6,16.5,6,17.5,6,18.5,6,19.5,6,20.5,7,10.5,7,11.5,7,12.5,7,13.5,7,14.5,7,15.5,7,16.5,7,17.5,7,18.5,7,19.5,7,20.5,8,12.5,8,13.5,8,14.5,8,15.5,8,16.5,8,17.5,8,18.5,8,19.5,8,20.5,9,14.5,9,15.5,9,16.5,9,17.5,9,18.5,9,19.5,9,20.5,10,16.5,10,17.5,10,18.5,10,19.5,10,20.5,11,18.5,11,19.5,11,20.5,12,20.6,7,9.6,7,10.6,7,11.6,7,12.6,7,13.6,7,14.6,7,15.6,7,16.6,7,17.6,7,18.6,7,19.6,7,20.6,8,11.6,8,12.6,8,13.6,8,14.6,8,15.6,8,16.6,8,17.6,8,18.6,8,19.6,8,20.6,9,13.6,9,14.6,9,15.6,9,16.6,9,17.6,9,18.6,9,19.6,9,20.6,10,15.6,10,16.6,10,17.6,10,18.6,10,19.6,10,20.6,11,17.6,11,18.6,11,19.6,11,20.6,12,19.6,12,20.7,8,10.7,8,11.7,8,12.7,8,13.7,8,14.7,8,15.7,8,16.7,8,17.7,8,18.7,8,19.7,8,20.7,9,12.7,9,13.7,9,14.7,9,15.7,9,16.7,9,17.7,9,18.7,9,19.7,9,20.7,10,14.7,10,15.7,10,16.7,10,17.7,10,18.7,10,19.7,10,20.7,11,16.7,11,17.7,11,18.7,11,19.7,11,20.7,12,18.7,12,19.7,12,20.7,13,20.8,9,11.8,9,12.8,9,13.8,9,14.8,9,15.8,9,16.8,9,17.8,9,18.8,9,19.8,9,20.8,10,13.8,10,14.8,10,15.8,10,16.8,10,17.8,10,18.8,10,19.8,10,20.8,11,15.8,11,16.8,11,17.8,11,18.8,11,19.8,11,20.8,12,17.8,12,18.8,12,19.8,12,20.8,13,19.8,13,20.9,10,12.9,10,13.9,10,14.9,10,15.9,10,16.9,10,17.9,10,18.9,10,19.9,10,20.9,11,14.9,11,15.9,11,16.9,11,17.9,11,18.9,11,19.9,11,20.9,12,16.9,12,17.9,12,18.9,12,19.9,12,20.9,13,18.9,13,19.9,13,20.9,14,20.10,11,13.10,11,14.10,11,15.10,11,16.10,11,17.10,11,18.10,11,19.10,11,20.10,12,15.10,12,16.10,12,17.10,12,18.10,12,19.10,12,20.10,13,17.10,13,18.10,13,19.10,13,20.10,14,19.10,14,20.11,12,14.11,12,15.11,12,16.11,12,17.11,12,18.11,12,19.11,12,20.11,13,16.11,13,17.11,13,18.11,13,19.11,13,20.11,14,18.11,14,19.11,14,20.11,15,20.12,13,15.12,13,16.12,13,17.12,13,18.12,13,19.12,13,20.12,14,17.12,14,18.12,14,19.12,14,20.12,15,19.12,15,20.13,14,16.13,14,17.13,14,18.13,14,19.13,14,20.13,15,18.13,15,19.13,15,20.13,16,20.14,15,17.14,15,18.14,15,19.14,15,20.14,16,19.14,16,20.15,16,18.15,16,19.15,16,20.15,17,20.16,17,19.16,17,20.17,18,20.	1,2,4,7.1,2,4,8.1,2,4,9.1,2,4,10.1,2,4,11.1,2,4,12.1,2,4,13.1,2,4,14.1,2,4,15.1,2,4,16.1,2,4,17.1,2,4,18.1,2,4,19.1,2,4,20.1,2,5,9.1,2,5,10.1,2,5,11.1,2,5,12.1,2,5,13.1,2,5,14.1,2,5,15.1,2,5,16.1,2,5,17.1,2,5,18.1,2,5,19.1,2,5,20.1,2,6,11.1,2,6,12.1,2,6,13.1,2,6,14.1,2,6,15.1,2,6,16.1,2,6,17.1,2,6,18.1,2,6,19.1,2,6,20.1,2,7,13.1,2,7,14.1,2,7,15.1,2,7,16.1,2,7,17.1,2,7,18.1,2,7,19.1,2,7,20.1,2,8,15.1,2,8,16.1,2,8,17.1,2,8,18.1,2,8,19.1,2,8,20.1,2,9,17.1,2,9,18.1,2,9,19.1,2,9,20.1,2,10,19.1,2,10,20.1,3,6,10.1,3,6,11.1,3,6,12.1,3,6,13.1,3,6,14.1,3,6,15.1,3,6,16.1,3,6,17.1,3,6,18.1,3,6,19.1,3,6,20.1,3,7,12.1,3,7,13.1,3,7,14.1,3,7,15.1,3,7,16.1,3,7,17.1,3,7,18.1,3,7,19.1,3,7,20.1,3,8,14.1,3,8,15.1,3,8,16.1,3,8,17.1,3,8,18.1,3,8,19.1,3,8,20.1,3,9,16.1,3,9,17.1,3,9,18.1,3,9,19.1,3,9,20.1,3,10,18.1,3,10,19.1,3,10,20.1,3,11,20.1,4,8,13.1,4,8,14.1,4,8,15.1,4,8,16.1,4,8,17.1,4,8,18.1,4,8,19.1,4,8,20.1,4,9,15.1,4,9,16.1,4,9,17.1,4,9,18.1,4,9,19.1,4,9,20.1,4,10,17.1,4,10,18.1,4,10,19.1,4,10,20.1,4,11,19.1,4,11,20.1,5,10,16.1,5,10,17.1,5,10,18.1,5,10,19.1,5,10,20.1,5,11,18.1,5,11,19.1,5,11,20.1,5,12,20.1,6,12,19.1,6,12,20.2,3,5,8.2,3,5,9.2,3,5,10.2,3,5,11.2,3,5,12.2,3,5,13.2,3,5,14.2,3,5,15.2,3,5,16.2,3,5,17.2,3,5,18.2,3,5,19.2,3,5,20.2,3,6,10.2,3,6,11.2,3,6,12.2,3,6,13.2,3,6,14.2,3,6,15.2,3,6,16.2,3,6,17.2,3,6,18.2,3,6,19.2,3,6,20.2,3,7,12.2,3,7,13.2,3,7,14.2,3,7,15.2,3,7,16.2,3,7,17.2,3,7,18.2,3,7,19.2,3,7,20.2,3,8,14.2,3,8,15.2,3,8,16.2,3,8,17.2,3,8,18.2,3,8,19.2,3,8,20.2,3,9,16.2,3,9,17.2,3,9,18.2,3,9,19.2,3,9,20.2,3,10,18.2,3,10,19.2,3,10,20.2,3,11,20.2,4,7,11.2,4,7,12.2,4,7,13.2,4,7,14.2,4,7,15.2,4,7,16.2,4,7,17.2,4,7,18.2,4,7,19.2,4,7,20.2,4,8,13.2,4,8,14.2,4,8,15.2,4,8,16.2,4,8,17.2,4,8,18.2,4,8,19.2,4,8,20.2,4,9,15.2,4,9,16.2,4,9,17.2,4,9,18.2,4,9,19.2,4,9,20.2,4,10,17.2,4,10,18.2,4,10,19.2,4,10,20.2,4,11,19.2,4,11,20.2,5,9,14.2,5,9,15.2,5,9,16.2,5,9,17.2,5,9,18.2,5,9,19.2,5,9,20.2,5,10,16.2,5,10,17.2,5,10,18.2,5,10,19.2,5,10,20.2,5,11,18.2,5,11,19.2,5,11,20.2,5,12,20.2,6,11,17.2,6,11,18.2,6,11,19.2,6,11,20.2,6,12,19.2,6,12,20.2,7,13,20.3,4,6,9.3,4,6,10.3,4,6,11.3,4,6,12.3,4,6,13.3,4,6,14.3,4,6,15.3,4,6,16.3,4,6,17.3,4,6,18.3,4,6,19.3,4,6,20.3,4,7,11.3,4,7,12.3,4,7,13.3,4,7,14.3,4,7,15.3,4,7,16.3,4,7,17.3,4,7,18.3,4,7,19.3,4,7,20.3,4,8,13.3,4,8,14.3,4,8,15.3,4,8,16.3,4,8,17.3,4,8,18.3,4,8,19.3,4,8,20.3,4,9,15.3,4,9,16.3,4,9,17.3,4,9,18.3,4,9,19.3,4,9,20.3,4,10,17.3,4,10,18.3,4,10,19.3,4,10,20.3,4,11,19.3,4,11,20.3,5,8,12.3,5,8,13.3,5,8,14.3,5,8,15.3,5,8,16.3,5,8,17.3,5,8,18.3,5,8,19.3,5,8,20.3,5,9,14.3,5,9,15.3,5,9,16.3,5,9,17.3,5,9,18.3,5,9,19.3,5,9,20.3,5,10,16.3,5,10,17.3,5,10,18.3,5,10,19.3,5,10,20.3,5,11,18.3,5,11,19.3,5,11,20.3,5,12,20.3,6,10,15.3,6,10,16.3,6,10,17.3,6,10,18.3,6,10,19.3,6,10,20.3,6,11,17.3,6,11,18.3,6,11,19.3,6,11,20.3,6,12,19.3,6,12,20.3,7,12,18.3,7,12,19.3,7,12,20.3,7,13,20.4,5,7,10.4,5,7,11.4,5,7,12.4,5,7,13.4,5,7,14.4,5,7,15.4,5,7,16.4,5,7,17.4,5,7,18.4,5,7,19.4,5,7,20.4,5,8,12.4,5,8,13.4,5,8,14.4,5,8,15.4,5,8,16.4,5,8,17.4,5,8,18.4,5,8,19.4,5,8,20.4,5,9,14.4,5,9,15.4,5,9,16.4,5,9,17.4,5,9,18.4,5,9,19.4,5,9,20.4,5,10,16.4,5,10,17.4,5,10,18.4,5,10,19.4,5,10,20.4,5,11,18.4,5,11,19.4,5,11,20.4,5,12,20.4,6,9,13.4,6,9,14.4,6,9,15.4,6,9,16.4,6,9,17.4,6,9,18.4,6,9,19.4,6,9,20.4,6,10,15.4,6,10,16.4,6,10,17.4,6,10,18.4,6,10,19.4,6,10,20.4,6,11,17.4,6,11,18.4,6,11,19.4,6,11,20.4,6,12,19.4,6,12,20.4,7,11,16.4,7,11,17.4,7,11,18.4,7,11,19.4,7,11,20.4,7,12,18.4,7,12,19.4,7,12,20.4,7,13,20.4,8,13,19.4,8,13,20.5,6,8,11.5,6,8,12.5,6,8,13.5,6,8,14.5,6,8,15.5,6,8,16.5,6,8,17.5,6,8,18.5,6,8,19.5,6,8,20.5,6,9,13.5,6,9,14.5,6,9,15.5,6,9,16.5,6,9,17.5,6,9,18.5,6,9,19.5,6,9,20.5,6,10,15.5,6,10,16.5,6,10,17.5,6,10,18.5,6,10,19.5,6,10,20.5,6,11,17.5,6,11,18.5,6,11,19.5,6,11,20.5,6,12,19.5,6,12,20.5,7,10,14.5,7,10,15.5,7,10,16.5,7,10,17.5,7,10,18.5,7,10,19.5,7,10,20.5,7,11,16.5,7,11,17.5,7,11,18.5,7,11,19.5,7,11,20.5,7,12,18.5,7,12,19.5,7,12,20.5,7,13,20.5,8,12,17.5,8,12,18.5,8,12,19.5,8,12,20.5,8,13,19.5,8,13,20.5,9,14,20.6,7,9,12.6,7,9,13.6,7,9,14.6,7,9,15.6,7,9,16.6,7,9,17.6,7,9,18.6,7,9,19.6,7,9,20.6,7,10,14.6,7,10,15.6,7,10,16.6,7,10,17.6,7,10,18.6,7,10,19.6,7,10,20.6,7,11,16.6,7,11,17.6,7,11,18.6,7,11,19.6,7,11,20.6,7,12,18.6,7,12,19.6,7,12,20.6,7,13,20.6,8,11,15.6,8,11,16.6,8,11,17.6,8,11,18.6,8,11,19.6,8,11,20.6,8,12,17.6,8,12,18.6,8,12,19.6,8,12,20.6,8,13,19.6,8,13,20.6,9,13,18.6,9,13,19.6,9,13,20.6,9,14,20.7,8,10,13.7,8,10,14.7,8,10,15.7,8,10,16.7,8,10,17.7,8,10,18.7,8,10,19.7,8,10,20.7,8,11,15.7,8,11,16.7,8,11,17.7,8,11,18.7,8,11,19.7,8,11,20.7,8,12,17.7,8,12,18.7,8,12,19.7,8,12,20.7,8,13,19.7,8,13,20.7,9,12,16.7,9,12,17.7,9,12,18.7,9,12,19.7,9,12,20.7,9,13,18.7,9,13,19.7,9,13,20.7,9,14,20.7,10,14,19.7,10,14,20.8,9,11,14.8,9,11,15.8,9,11,16.8,9,11,17.8,9,11,18.8,9,11,19.8,9,11,20.8,9,12,16.8,9,12,17.8,9,12,18.8,9,12,19.8,9,12,20.8,9,13,18.8,9,13,19.8,9,13,20.8,9,14,20.8,10,13,17.8,10,13,18.8,10,13,19.8,10,13,20.8,10,14,19.8,10,14,20.8,11,15,20.9,10,12,15.9,10,12,16.9,10,12,17.9,10,12,18.9,10,12,19.9,10,12,20.9,10,13,17.9,10,13,18.9,10,13,19.9,10,13,20.9,10,14,19.9,10,14,20.9,11,14,18.9,11,14,19.9,11,14,20.9,11,15,20.10,11,13,16.10,11,13,17.10,11,13,18.10,11,13,19.10,11,13,20.10,11,14,18.10,11,14,19.10,11,14,20.10,11,15,20.10,12,15,19.10,12,15,20.11,12,14,17.11,12,14,18.11,12,14,19.11,12,14,20.11,12,15,19.11,12,15,20.11,13,16,20.12,13,15,18.12,13,15,19.12,13,15,20.12,13,16,20.13,14,16,19.13,14,16,20.14,15,17,20.	1,2,4,7,11.1,2,4,7,12.1,2,4,7,13.1,2,4,7,14.1,2,4,7,15.1,2,4,7,16.1,2,4,7,17.1,2,4,7,18.1,2,4,7,19.1,2,4,7,20.1,2,4,8,13.1,2,4,8,14.1,2,4,8,15.1,2,4,8,16.1,2,4,8,17.1,2,4,8,18.1,2,4,8,19.1,2,4,8,20.1,2,4,9,15.1,2,4,9,16.1,2,4,9,17.1,2,4,9,18.1,2,4,9,19.1,2,4,9,20.1,2,4,10,17.1,2,4,10,18.1,2,4,10,19.1,2,4,10,20.1,2,4,11,19.1,2,4,11,20.1,2,5,9,14.1,2,5,9,15.1,2,5,9,16.1,2,5,9,17.1,2,5,9,18.1,2,5,9,19.1,2,5,9,20.1,2,5,10,16.1,2,5,10,17.1,2,5,10,18.1,2,5,10,19.1,2,5,10,20.1,2,5,11,18.1,2,5,11,19.1,2,5,11,20.1,2,5,12,20.1,2,6,11,17.1,2,6,11,18.1,2,6,11,19.1,2,6,11,20.1,2,6,12,19.1,2,6,12,20.1,2,7,13,20.1,3,6,10,15.1,3,6,10,16.1,3,6,10,17.1,3,6,10,18.1,3,6,10,19.1,3,6,10,20.1,3,6,11,17.1,3,6,11,18.1,3,6,11,19.1,3,6,11,20.1,3,6,12,19.1,3,6,12,20.1,3,7,12,18.1,3,7,12,19.1,3,7,12,20.1,3,7,13,20.1,4,8,13,19.1,4,8,13,20.2,3,5,8,12.2,3,5,8,13.2,3,5,8,14.2,3,5,8,15.2,3,5,8,16.2,3,5,8,17.2,3,5,8,18.2,3,5,8,19.2,3,5,8,20.2,3,5,9,14.2,3,5,9,15.2,3,5,9,16.2,3,5,9,17.2,3,5,9,18.2,3,5,9,19.2,3,5,9,20.2,3,5,10,16.2,3,5,10,17.2,3,5,10,18.2,3,5,10,19.2,3,5,10,20.2,3,5,11,18.2,3,5,11,19.2,3,5,11,20.2,3,5,12,20.2,3,6,10,15.2,3,6,10,16.2,3,6,10,17.2,3,6,10,18.2,3,6,10,19.2,3,6,10,20.2,3,6,11,17.2,3,6,11,18.2,3,6,11,19.2,3,6,11,20.2,3,6,12,19.2,3,6,12,20.2,3,7,12,18.2,3,7,12,19.2,3,7,12,20.2,3,7,13,20.2,4,7,11,16.2,4,7,11,17.2,4,7,11,18.2,4,7,11,19.2,4,7,11,20.2,4,7,12,18.2,4,7,12,19.2,4,7,12,20.2,4,7,13,20.2,4,8,13,19.2,4,8,13,20.2,5,9,14,20.3,4,6,9,13.3,4,6,9,14.3,4,6,9,15.3,4,6,9,16.3,4,6,9,17.3,4,6,9,18.3,4,6,9,19.3,4,6,9,20.3,4,6,10,15.3,4,6,10,16.3,4,6,10,17.3,4,6,10,18.3,4,6,10,19.3,4,6,10,20.3,4,6,11,17.3,4,6,11,18.3,4,6,11,19.3,4,6,11,20.3,4,6,12,19.3,4,6,12,20.3,4,7,11,16.3,4,7,11,17.3,4,7,11,18.3,4,7,11,19.3,4,7,11,20.3,4,7,12,18.3,4,7,12,19.3,4,7,12,20.3,4,7,13,20.3,4,8,13,19.3,4,8,13,20.3,5,8,12,17.3,5,8,12,18.3,5,8,12,19.3,5,8,12,20.3,5,8,13,19.3,5,8,13,20.3,5,9,14,20.4,5,7,10,14.4,5,7,10,15.4,5,7,10,16.4,5,7,10,17.4,5,7,10,18.4,5,7,10,19.4,5,7,10,20.4,5,7,11,16.4,5,7,11,17.4,5,7,11,18.4,5,7,11,19.4,5,7,11,20.4,5,7,12,18.4,5,7,12,19.4,5,7,12,20.4,5,7,13,20.4,5,8,12,17.4,5,8,12,18.4,5,8,12,19.4,5,8,12,20.4,5,8,13,19.4,5,8,13,20.4,5,9,14,20.4,6,9,13,18.4,6,9,13,19.4,6,9,13,20.4,6,9,14,20.5,6,8,11,15.5,6,8,11,16.5,6,8,11,17.5,6,8,11,18.5,6,8,11,19.5,6,8,11,20.5,6,8,12,17.5,6,8,12,18.5,6,8,12,19.5,6,8,12,20.5,6,8,13,19.5,6,8,13,20.5,6,9,13,18.5,6,9,13,19.5,6,9,13,20.5,6,9,14,20.5,7,10,14,19.5,7,10,14,20.6,7,9,12,16.6,7,9,12,17.6,7,9,12,18.6,7,9,12,19.6,7,9,12,20.6,7,9,13,18.6,7,9,13,19.6,7,9,13,20.6,7,9,14,20.6,7,10,14,19.6,7,10,14,20.6,8,11,15,20.7,8,10,13,17.7,8,10,13,18.7,8,10,13,19.7,8,10,13,20.7,8,10,14,19.7,8,10,14,20.7,8,11,15,20.8,9,11,14,18.8,9,11,14,19.8,9,11,14,20.8,9,11,15,20.9,10,12,15,19.9,10,12,15,20.10,11,13,16,20.	1,2,4,7,11,16.1,2,4,7,11,17.1,2,4,7,11,18.1,2,4,7,11,19.1,2,4,7,11,20.1,2,4,7,12,18.1,2,4,7,12,19.1,2,4,7,12,20.1,2,4,7,13,20.1,2,4,8,13,19.1,2,4,8,13,20.1,2,5,9,14,20.2,3,5,8,12,17.2,3,5,8,12,18.2,3,5,8,12,19.2,3,5,8,12,20.2,3,5,8,13,19.2,3,5,8,13,20.2,3,5,9,14,20.3,4,6,9,13,18.3,4,6,9,13,19.3,4,6,9,13,20.3,4,6,9,14,20.4,5,7,10,14,19.4,5,7,10,14,20.5,6,8,11,15,20.
